Item Name,Date,Bhiwandi,Vijayawada,SECUNDERABAD,Ranchi,RAIPUR,Patna,Nagpur,Pune,Madurai,LUCKNOW,Kolkata,Indore,GUWAHATI,Coimbatore,Cochin,Chennai,Cuttack,Bangalore,AHMEDABAD,Jalandhar,Jaipur,Ghaziabad,Delhi,Chandigarh,BOX
ACGEI-RD,M_15th,30.0,0.0,34.0,0.0,0.0,10.0,0.0,0.0,137.0,8.0,78.0,11.0,0.0,84.0,34.0,0.0,0.0,0.0,0.0,5.0,40.0,20.0,16.0,0.0,12.0
ASWH450-IVY,M_15th,0.0,0.0,0.0,0.0,0.0,0.0,0.0,0.0,0.0,0.0,0.0,0.0,0.0,0.0,0.0,0.0,0.0,0.0,0.0,0.0,0.0,0.0,0.0,0.0,1.0
AVRPMAD48COCO,M_15th,95.0,0.0,0.0,0.0,0.0,0.0,0.0,0.0,0.0,140.0,0.0,0.0,0.0,0.0,0.0,0.0,0.0,0.0,4.0,113.0,0.0,100.0,0.0,10.0,2.0
BRISKAIR6HSBLKN,M_15th,,,,,,,,,,,,,,,,,,,,,,,,,
BRISKAIR6HSBRNN,M_15th,,,,,,,,,,,,,,,,,,,,,,,,,
BRISKAIR6HSWHTN,M_15th,0.0,0.0,0.0,0.0,0.0,0.0,0.0,0.0,0.0,0.0,0.0,0.0,0.0,0.0,0.0,0.0,0.0,0.0,0.0,0.0,0.0,0.0,0.0,0.0,8.0
BRISKAIR8HSIVYN,M_15th,,,,,,,,,,,,,,,,,,,,,,,,,
BRISKAIR8HSWHTN,M_15th,0.0,0.0,0.0,0.0,0.0,0.0,0.0,0.0,0.0,0.0,0.0,0.0,0.0,0.0,0.0,0.0,0.0,0.0,0.0,0.0,0.0,0.0,0.0,0.0,8.0
BRISKAIRPLUS6BRN,M_15th,,,,,,,,,,,,,,,,,,,,,,,,,
BRISKAIRPLUS6IVY,M_15th,0.0,0.0,0.0,0.0,0.0,0.0,0.0,0.0,0.0,0.0,0.0,0.0,0.0,0.0,0.0,0.0,0.0,0.0,0.0,0.0,0.0,0.0,0.0,0.0,8.0
BRISKAIRPLUS8WHT,M_15th,0.5,0.0,0.0,0.0,0.0,0.0,0.0,0.0,0.0,0.0,0.0,0.0,0.0,25.0,0.0,0.0,0.0,0.0,0.0,0.0,0.0,0.0,0.0,0.0,8.0
BRIZ42BRN,M_15th,0.0,0.0,0.0,0.0,0.0,0.0,0.0,0.0,0.0,0.0,0.0,0.0,0.0,0.0,0.0,0.0,0.0,0.0,0.0,0.0,1.0,0.0,0.0,0.0,4.0
BRIZDEC48IVY,M_15th,0.0,0.0,0.0,0.0,0.0,0.0,0.0,0.0,0.0,0.0,0.0,0.0,0.0,0.0,0.0,0.0,0.0,0.0,0.0,0.0,0.0,0.0,0.0,0.0,4.0
DVN48RBN,M_15th,0.0,0.0,0.0,0.0,0.0,0.0,0.0,0.0,0.0,0.0,0.0,0.0,0.0,0.0,0.0,0.0,0.0,0.0,0.0,0.0,0.0,0.0,0.0,0.0,2.0
EXHD300-6-1,M_15th,0.0,0.0,0.0,0.0,0.0,0.0,0.0,0.0,0.0,0.0,0.0,0.0,0.0,0.0,0.0,0.0,0.0,0.0,0.0,0.0,24.0,0.0,97.0,0.0,1.0
EXHD450-4-3,M_15th,0.0,0.0,0.0,0.0,0.0,0.0,0.0,0.0,0.0,0.0,0.0,0.0,0.0,0.0,0.0,0.0,0.0,0.0,0.0,0.0,0.0,0.0,0.0,0.0,1.0
EXHD600-6-1,M_15th,0.0,0.0,0.0,0.0,0.0,0.0,0.0,0.0,0.0,0.0,0.0,0.0,0.0,0.0,0.0,0.0,0.0,0.0,0.0,0.0,0.0,0.0,0.0,26.0,1.0
EXHD600-6-3,M_15th,0.0,0.0,0.0,0.0,0.0,0.0,0.0,0.0,0.0,0.0,0.0,0.0,0.0,0.0,0.0,0.0,0.0,0.0,0.0,0.0,0.0,0.0,0.0,11.0,1.0
HS42OPW,M_15th,0.0,0.0,0.0,0.0,0.0,0.0,0.0,0.0,0.0,0.0,0.0,0.0,0.0,0.0,0.0,0.0,0.0,0.0,0.0,0.0,0.0,0.0,0.0,0.0,4.0
HS42OPW,M_15th,0.0,0.0,0.0,0.0,0.0,0.0,0.0,0.0,0.0,0.0,0.0,0.0,0.0,0.0,0.0,0.0,0.0,0.0,0.0,0.0,0.0,0.0,0.0,0.0,4.0
HS48OPW,M_15th,0.0,0.0,0.0,0.0,0.0,0.0,0.0,0.0,0.0,0.0,0.0,0.0,0.0,0.0,0.0,0.0,0.0,0.0,0.0,0.0,65.0,0.0,0.0,0.0,4.0
LRN48HGD,M_15th,0.0,0.0,0.0,0.0,0.0,0.0,0.0,0.0,0.0,0.0,0.0,0.0,0.0,0.0,0.0,0.0,0.0,0.0,0.0,0.0,0.0,0.0,0.0,0.0,4.0
RIVDASHHS4BRN,M_15th,0.3333333333333333,0.0,0.0,0.0,0.0,0.0,0.0,0.0,0.0,0.0,0.0,0.0,0.0,0.0,0.0,0.0,0.0,0.0,0.0,0.0,0.0,0.0,0.0,0.0,6.0
RIVDASHHS4IVY,M_15th,0.3333333333333333,0.0,0.0,0.0,0.0,0.0,0.0,0.0,0.0,0.0,0.0,0.0,0.0,0.0,0.0,0.0,0.0,0.0,0.0,0.0,0.0,0.0,0.0,0.0,6.0
RIVDASHHS6BRN,M_15th,0.6666666666666666,0.0,0.0,0.0,0.0,0.0,0.0,0.0,0.0,0.0,0.0,0.0,0.0,0.0,0.0,0.0,0.0,0.0,0.0,0.0,0.0,0.0,0.0,0.0,6.0
RIVDASHHS6IVY,M_15th,9.833333333333334,0.0,0.0,0.0,0.0,0.0,0.0,0.0,0.0,0.0,0.0,0.0,0.0,0.0,0.0,0.0,0.0,0.0,0.0,0.0,0.0,0.0,0.0,0.0,6.0
RIVDASHHS6WHT,M_15th,8.0,0.0,21.333333333333332,0.0,0.0,0.0,0.0,0.0,0.0,0.0,0.0,0.0,0.0,0.0,49.0,0.0,0.0,0.0,0.0,8.0,0.0,0.0,0.0,3.0,6.0
RIVSPRINTHS6WHT,M_15th,3.0,0.0,0.0,0.0,0.0,0.0,0.0,0.0,0.0,0.0,0.0,0.0,0.0,0.0,46.0,0.0,0.0,0.0,0.0,6.0,3.0,8.0,0.0,8.0,6.0
S-90000319,M_15th,,,,,,,,,,,,,,,,,,,,,,,,,
S-90000343,M_15th,,,,,,,,,,,,,,,,,,,,,,,,,
S-90000365,M_15th,,,,,,,,,,,,,,,,,,,,,,,,,
S-90000366,M_15th,,,,,,,,,,,,,,,,,,,,,,,,,
S-90000391,M_15th,,,,,,,,,,,,,,,,,,,,,,,,,
S-90000392,M_15th,,,,,,,,,,,,,,,,,,,,,,,,,
S-90000408,M_15th,,,,,,,,,,,,,,,,,,,,,,,,,
S-90000510,M_15th,,,,,,,,,,,,,,,,,,,,,,,,,
S-90000512,M_15th,,,,,,,,,,,,,,,,,,,,,,,,,
S-90000666,M_15th,,,,,,,,,,,,,,,,,,,,,,,,,
S-90000667,M_15th,,,,,,,,,,,,,,,,,,,,,,,,,
S-90000672,M_15th,,,,,,,,,,,,,,,,,,,,,,,,,
S-90000680,M_15th,,,,,,,,,,,,,,,,,,,,,,,,,
S-90000681,M_15th,,,,,,,,,,,,,,,,,,,,,,,,,
S-90000682,M_15th,,,,,,,,,,,,,,,,,,,,,,,,,
S-90000687,M_15th,,,,,,,,,,,,,,,,,,,,,,,,,
S-90000688,M_15th,,,,,,,,,,,,,,,,,,,,,,,,,
S-90000691,M_15th,,,,,,,,,,,,,,,,,,,,,,,,,
S-90000693,M_15th,,,,,,,,,,,,,,,,,,,,,,,,,
S-90000694,M_15th,,,,,,,,,,,,,,,,,,,,,,,,,
S-90000696,M_15th,,,,,,,,,,,,,,,,,,,,,,,,,
S-90000698,M_15th,,,,,,,,,,,,,,,,,,,,,,,,,
S-90000700,M_15th,,,,,,,,,,,,,,,,,,,,,,,,,
S-90000710,M_15th,,,,,,,,,,,,,,,,,,,,,,,,,
S-90000714,M_15th,,,,,,,,,,,,,,,,,,,,,,,,,
S-90000765,M_15th,,,,,,,,,,,,,,,,,,,,,,,,,
S-90000769,M_15th,,,,,,,,,,,,,,,,,,,,,,,,,
S-90000787,M_15th,,,,,,,,,,,,,,,,,,,,,,,,,
S-90000794,M_15th,,,,,,,,,,,,,,,,,,,,,,,,,
S-90000800,M_15th,,,,,,,,,,,,,,,,,,,,,,,,,
S-90000807,M_15th,,,,,,,,,,,,,,,,,,,,,,,,,
S-90000809,M_15th,,,,,,,,,,,,,,,,,,,,,,,,,
S-90000814,M_15th,,,,,,,,,,,,,,,,,,,,,,,,,
S-90000821,M_15th,,,,,,,,,,,,,,,,,,,,,,,,,
S-90001352,M_15th,,,,,,,,,,,,,,,,,,,,,,,,,
S-90001532,M_15th,,,,,,,,,,,,,,,,,,,,,,,,,
S-90001533,M_15th,,,,,,,,,,,,,,,,,,,,,,,,,
S-90001593,M_15th,,,,,,,,,,,,,,,,,,,,,,,,,
S-90001595,M_15th,,,,,,,,,,,,,,,,,,,,,,,,,
S-90001622,M_15th,,,,,,,,,,,,,,,,,,,,,,,,,
S-90002591,M_15th,,,,,,,,,,,,,,,,,,,,,,,,,
S-90002610,M_15th,,,,,,,,,,,,,,,,,,,,,,,,,
TA6AG,M_15th,4.5,0.0,0.0,0.0,0.0,0.0,0.0,0.0,0.0,3.0,0.0,0.0,2.0,0.0,3.0,0.0,0.0,0.0,0.0,0.0,0.0,0.0,0.0,0.0,8.0
AURA48IVYDLX,M_15th,0.0,0.0,0.0,0.0,0.0,0.0,0.0,0.0,0.0,0.0,0.0,0.0,0.0,0.0,0.0,0.0,0.0,0.0,0.0,0.0,0.0,0.0,0.0,0.0,4.0
AVR48SWT,M_15th,0.0,0.0,60.0,0.0,0.0,0.0,0.0,0.0,0.0,0.0,0.0,0.0,0.0,25.0,72.0,0.0,0.0,15.0,0.0,0.0,0.0,0.0,0.0,0.0,2.0
AVRPRIME48NWD,M_15th,0.0,0.0,0.0,0.0,0.0,0.0,0.0,0.0,0.0,0.0,0.0,1.0,0.0,17.0,0.0,0.0,0.0,0.0,0.0,0.0,0.0,0.0,0.0,0.0,2.0
HS36BRN,M_15th,0.0,0.0,0.0,0.0,0.0,0.0,0.0,0.0,77.0,0.0,91.0,0.0,0.0,32.0,72.0,0.0,0.0,0.0,0.0,0.0,0.0,0.0,0.0,0.0,4.0
PVNDEC48LB,M_15th,0.0,0.0,0.0,0.0,0.0,0.0,0.0,0.0,0.0,0.0,0.0,0.0,0.0,0.0,0.0,0.0,0.0,0.0,0.0,0.0,0.0,0.0,0.0,0.0,4.0
S-90000515,M_15th,,,,,,,,,,,,,,,,,,,,,,,,,
S-90000516,M_15th,,,,,,,,,,,,,,,,,,,,,,,,,
S-90000530,M_15th,,,,,,,,,,,,,,,,,,,,,,,,,
S-90000531,M_15th,,,,,,,,,,,,,,,,,,,,,,,,,
S-90000604,M_15th,,,,,,,,,,,,,,,,,,,,,,,,,
S-90000612,M_15th,,,,,,,,,,,,,,,,,,,,,,,,,
S-90001030,M_15th,,,,,,,,,,,,,,,,,,,,,,,,,
S-90001611,M_15th,,,,,,,,,,,,,,,,,,,,,,,,,
S-90001612,M_15th,,,,,,,,,,,,,,,,,,,,,,,,,
S-90001774,M_15th,,,,,,,,,,,,,,,,,,,,,,,,,
S-90002597,M_15th,,,,,,,,,,,,,,,,,,,,,,,,,
TRIT48ACR,M_15th,0.0,0.0,0.0,0.0,0.0,0.0,0.0,0.0,0.0,9.0,30.0,14.0,0.0,0.0,16.0,0.0,0.0,0.0,0.0,0.0,47.0,18.0,0.0,39.0,2.0
ACGJMG-RJPLUS,M_15th,0.0,0.0,0.0,0.0,0.0,0.0,0.0,0.0,0.0,0.0,0.0,0.0,0.0,0.0,0.0,0.0,0.0,0.0,0.0,0.0,0.0,0.0,0.0,0.0,4.0
AURA48BRNDLX,M_15th,0.0,0.0,54.0,12.0,0.0,0.0,0.0,0.0,38.0,0.0,0.0,0.0,4.0,47.0,58.0,0.0,0.0,12.0,0.0,0.0,0.0,0.0,0.0,0.0,4.0
AXIALAIR4WHT,M_15th,0.0,0.0,3.0,0.0,0.0,0.0,0.0,0.0,0.0,0.0,0.0,0.0,0.0,0.0,9.0,0.0,0.0,0.0,0.0,2.0,3.0,0.0,0.0,0.0,20.0
EXHD300-4-1,M_15th,0.0,0.0,28.0,0.0,0.0,0.0,0.0,0.0,0.0,0.0,0.0,0.0,0.0,0.0,0.0,0.0,0.0,0.0,0.0,0.0,0.0,0.0,0.0,0.0,1.0
FLY48SWT,M_15th,0.0,0.0,22.0,0.0,0.0,0.0,0.0,0.0,0.0,0.0,0.0,0.0,0.0,0.0,0.0,0.0,0.0,0.0,0.0,0.0,0.0,0.0,0.0,0.0,2.0
HS56OPW,M_15th,0.0,0.0,23.0,0.0,0.0,0.0,0.0,0.0,0.0,0.0,0.0,0.0,2.0,0.0,0.0,0.0,0.0,0.0,0.0,0.0,0.0,0.0,0.0,0.0,4.0
S-90000329,M_15th,,,,,,,,,,,,,,,,,,,,,,,,,
S-90000601,M_15th,,,,,,,,,,,,,,,,,,,,,,,,,
S-90000987,M_15th,,,,,,,,,,,,,,,,,,,,,,,,,
S-90001620,M_15th,,,,,,,,,,,,,,,,,,,,,,,,,
S-90002572,M_15th,,,,,,,,,,,,,,,,,,,,,,,,,
SMART48IVY,M_15th,0.0,0.0,0.0,0.0,0.0,0.0,0.0,0.0,0.0,0.0,0.0,0.0,0.0,0.0,0.0,0.0,0.0,0.0,0.0,0.0,0.0,0.0,0.0,0.0,4.0
STAR22048WHT,M_15th,0.0,0.0,0.0,0.0,0.0,0.0,0.0,0.0,0.0,0.0,0.0,189.0,0.0,0.0,0.0,0.0,0.0,0.0,0.0,0.0,0.0,0.0,0.0,24.0,4.0
STAR22048WHT,M_15th,0.0,0.0,0.0,0.0,0.0,0.0,0.0,0.0,0.0,0.0,0.0,189.0,0.0,0.0,0.0,0.0,0.0,0.0,0.0,0.0,0.0,0.0,0.0,24.0,4.0
ACGEI-ED PLUS,M_15th,0.0,0.0,0.0,4.0,0.0,0.0,0.0,0.0,0.0,0.0,0.0,0.0,0.0,0.0,0.0,0.0,0.0,0.0,0.0,0.0,0.0,0.0,0.0,0.0,12.0
ACGEI-HDC,M_15th,0.0,0.0,0.0,1.0,0.0,0.0,0.0,0.0,0.0,0.0,0.0,0.0,0.0,0.0,0.0,0.0,0.0,0.0,0.0,0.0,0.0,0.0,0.0,0.0,12.0
ACGIC-CREST,M_15th,0.0,0.0,0.0,6.0,0.0,9.0,0.0,0.0,0.0,0.0,0.0,0.0,0.0,0.0,0.0,0.0,0.0,0.0,0.0,0.0,0.0,0.0,0.0,0.0,6.0
ACGM-DS51,M_15th,0.0,0.0,0.0,1.0,0.0,0.0,0.0,0.0,0.0,0.0,0.0,0.0,0.0,0.0,0.0,0.0,0.0,0.0,0.0,0.0,0.0,0.0,0.0,0.0,4.0
ACGM-DXT PLUS,M_15th,0.0,0.0,0.0,10.0,0.0,17.0,0.0,0.0,0.0,0.0,0.0,0.0,0.0,0.0,0.0,0.0,0.0,0.0,0.0,0.0,0.0,0.0,0.0,0.0,2.0
ACGM-FROSTY LITE,M_15th,0.0,0.0,0.0,3.0,0.0,0.0,0.0,0.0,0.0,0.0,0.0,0.0,0.0,0.0,0.0,0.0,0.0,0.0,0.0,0.0,0.0,0.0,0.0,0.0,2.0
ACGM-MANGO LITE,M_15th,0.0,0.0,0.0,9.0,0.0,0.0,0.0,0.0,0.0,0.0,0.0,0.0,0.0,0.0,0.0,0.0,0.0,0.0,0.0,0.0,0.0,0.0,0.0,0.0,2.0
ACGM-TD71,M_15th,0.0,0.0,0.0,10.0,0.0,27.0,0.0,0.0,0.0,0.0,0.0,0.0,0.0,0.0,0.0,0.0,0.0,0.0,0.0,0.0,0.0,0.0,0.0,0.0,4.0
ACGM-VX,M_15th,0.0,0.0,0.0,18.0,0.0,9.0,0.0,0.0,0.0,0.0,0.0,0.0,0.0,0.0,0.0,0.0,0.0,0.0,0.0,0.0,0.0,0.0,0.0,0.0,4.0
ACGVS-100VAC,M_15th,0.0,0.0,0.0,0.0,0.0,0.0,0.0,0.0,0.0,0.0,0.0,0.0,0.0,0.0,0.0,0.0,0.0,0.0,0.0,0.0,0.0,0.0,0.0,0.0,1.0
ALBRIZ48OPW,M_15th,0.0,0.0,0.0,0.0,0.0,0.0,0.0,0.0,0.0,0.0,0.0,0.0,0.0,0.0,0.0,0.0,0.0,0.0,0.0,0.0,0.0,0.0,0.0,0.0,4.0
BRIZ24OPW,M_15th,0.0,0.0,0.0,1.0,0.0,0.0,0.0,0.0,0.0,0.0,0.0,0.0,0.0,0.0,0.0,0.0,0.0,0.0,0.0,0.0,0.0,0.0,0.0,87.0,4.0
FLUXAIR9OPW,M_15th,0.0,0.0,0.0,0.0,0.0,0.0,0.0,0.0,0.0,0.0,16.0,0.0,0.0,0.0,0.0,0.0,0.0,0.0,0.0,0.0,0.0,0.0,0.0,0.0,4.0
HS48BRN,M_15th,0.0,0.0,0.0,17.0,0.0,51.0,0.0,0.0,0.0,0.0,0.0,0.0,0.0,150.0,0.0,0.0,0.0,0.0,0.0,9.0,0.0,0.0,0.0,0.0,4.0
HS56BRN,M_15th,0.0,0.0,0.0,6.0,0.0,0.0,0.0,0.0,0.0,0.0,15.0,0.0,0.0,0.0,0.0,0.0,0.0,0.0,0.0,0.0,0.0,0.0,0.0,0.0,4.0
HSDCR48BRN,M_15th,0.0,0.0,0.0,0.0,0.0,0.0,0.0,0.0,0.0,0.0,0.0,0.0,0.0,0.0,0.0,0.0,0.0,0.0,0.0,0.0,0.0,0.0,0.0,0.0,4.0
RIV48BRN,M_15th,0.0,0.0,0.0,6.0,0.0,24.0,0.0,0.0,0.0,0.0,0.0,0.0,0.0,0.0,0.0,0.0,0.0,0.0,0.0,0.0,0.0,0.0,0.0,0.0,4.0
RIV48OPW,M_15th,0.0,0.0,0.0,5.0,0.0,9.0,0.0,0.0,0.0,0.0,0.0,0.0,0.0,0.0,0.0,0.0,0.0,0.0,0.0,0.0,0.0,0.0,0.0,0.0,4.0
S-90001602,M_15th,,,,,,,,,,,,,,,,,,,,,,,,,
AURA48NEWWHT,M_15th,0.0,0.0,0.0,0.0,0.0,0.0,0.0,0.0,0.0,0.0,0.0,0.0,0.0,0.0,0.0,0.0,0.0,0.0,0.0,0.0,0.0,0.0,0.0,0.0,4.0
EXHD450-6-1,M_15th,0.0,0.0,0.0,0.0,0.0,0.0,0.0,0.0,0.0,0.0,0.0,0.0,0.0,0.0,0.0,0.0,0.0,0.0,0.0,0.0,0.0,0.0,0.0,1.0,1.0
EXHD900-8-3,M_15th,0.0,0.0,0.0,0.0,0.0,0.0,0.0,0.0,0.0,0.0,0.0,0.0,0.0,0.0,0.0,0.0,0.0,0.0,0.0,0.0,0.0,0.0,0.0,0.0,1.0
S-90000111,M_15th,,,,,,,,,,,,,,,,,,,,,,,,,
S-90000321,M_15th,,,,,,,,,,,,,,,,,,,,,,,,,
S-90000322,M_15th,,,,,,,,,,,,,,,,,,,,,,,,,
S-90000327,M_15th,,,,,,,,,,,,,,,,,,,,,,,,,
S-90000387,M_15th,,,,,,,,,,,,,,,,,,,,,,,,,
S-90000400,M_15th,,,,,,,,,,,,,,,,,,,,,,,,,
S-90000402,M_15th,,,,,,,,,,,,,,,,,,,,,,,,,
S-90000579,M_15th,,,,,,,,,,,,,,,,,,,,,,,,,
S-90001246,M_15th,,,,,,,,,,,,,,,,,,,,,,,,,
S-90001269,M_15th,,,,,,,,,,,,,,,,,,,,,,,,,
S-90001839,M_15th,,,,,,,,,,,,,,,,,,,,,,,,,
S-90002048,M_15th,,,,,,,,,,,,,,,,,,,,,,,,,
S-KDAST48BRN,M_15th,,,,,,,,,,,,,,,,,,,,,,,,,
VENTILUS10WHT,M_15th,0.0,0.0,0.0,0.0,0.0,0.0,0.0,0.0,0.0,0.0,0.0,0.0,0.0,0.0,0.0,0.0,0.0,0.0,0.0,0.0,0.0,0.0,0.0,0.0,4.0
ACGSI-ARISTO,M_15th,0.0,0.0,0.0,0.0,0.0,0.0,0.0,0.0,0.0,4.0,0.0,0.0,0.0,4.0,0.0,0.0,0.0,0.0,0.0,0.0,0.0,0.0,0.0,0.0,12.0
ALBRIZ48BRN,M_15th,0.0,0.0,0.0,0.0,0.0,0.0,0.0,0.0,0.0,0.0,0.0,0.0,0.0,0.0,0.0,0.0,0.0,0.0,0.0,0.0,0.0,0.0,0.0,0.0,4.0
BRISKAIR8HSBLKN,M_15th,0.0,0.0,0.0,0.0,0.0,0.0,0.0,0.0,0.0,0.0,0.0,0.0,0.0,0.0,0.0,0.0,0.0,0.0,0.0,0.0,0.0,0.0,0.0,0.0,8.0
BRIZ24IVY,M_15th,0.0,0.0,0.0,0.0,0.0,0.0,0.0,0.0,0.0,0.0,0.0,0.0,0.0,0.0,0.0,0.0,0.0,0.0,0.0,0.0,0.0,0.0,0.0,0.0,4.0
HSPLUS48BRN,M_15th,0.0,0.0,0.0,0.0,0.0,0.0,0.0,0.0,0.0,0.0,0.0,0.0,0.0,0.0,0.0,0.0,0.0,0.0,0.0,0.0,0.0,0.0,0.0,0.0,4.0
HSPLUS48OPW,M_15th,0.0,0.0,0.0,0.0,0.0,0.0,0.0,0.0,0.0,0.0,0.0,0.0,0.0,0.0,0.0,0.0,0.0,0.0,0.0,0.0,0.0,0.0,5.0,4.0,4.0
S-90000711,M_15th,,,,,,,,,,,,,,,,,,,,,,,,,
S-90000757,M_15th,,,,,,,,,,,,,,,,,,,,,,,,,
WINDSTARFARRATA20,M_15th,0.0,0.0,0.0,0.0,0.0,0.0,0.0,0.0,0.0,0.0,0.0,0.0,0.0,0.0,0.0,0.0,0.0,0.0,0.0,0.0,0.0,0.0,0.0,0.0,2.0
ASWH1515-WHT/BRW,M_15th,0.0,0.0,0.0,0.0,0.0,0.0,1.0,0.0,0.0,0.0,0.0,0.0,0.0,0.0,0.0,0.0,0.0,0.0,0.0,0.0,0.0,0.0,0.0,0.0,1.0
S-90000611,M_15th,,,,,,,,,,,,,,,,,,,,,,,,,
S-90000817,M_15th,,,,,,,,,,,,,,,,,,,,,,,,,
S-90001773,M_15th,,,,,,,,,,,,,,,,,,,,,,,,,
S-90002041,M_15th,,,,,,,,,,,,,,,,,,,,,,,,,
SMART48LB,M_15th,0.0,0.0,0.0,0.0,0.0,0.0,0.0,0.0,0.0,0.0,0.0,0.0,0.0,0.0,0.0,0.0,0.0,0.0,0.0,0.0,0.0,0.0,0.0,0.0,4.0
ARYBRZ48IVY,M_15th,0.0,0.0,0.0,0.0,0.0,0.0,0.0,0.0,0.0,0.0,0.0,0.0,0.0,0.0,0.0,0.0,0.0,0.0,0.0,0.0,72.0,0.0,31.0,0.0,4.0
AURPMAD48TTE,M_15th,0.0,0.0,0.0,0.0,0.0,0.0,0.0,24.0,0.0,6.0,53.0,19.0,0.0,0.0,0.0,0.0,11.0,0.0,0.0,0.0,0.0,0.0,0.0,0.0,4.0
BRIZ56OPW,M_15th,0.0,0.0,0.0,0.0,0.0,0.0,0.0,0.0,0.0,0.0,0.0,0.0,0.0,0.0,0.0,0.0,0.0,0.0,0.0,0.0,0.0,0.0,0.0,0.0,4.0
AIWH01PC1(3KW)-IVY,M_15th,0.0,0.0,0.0,0.0,0.0,0.0,0.0,0.0,5.0,0.0,0.0,0.0,0.0,4.0,0.0,0.0,0.0,0.0,0.0,0.0,0.0,0.0,0.0,0.0,6.0
FLY48EMBER,M_15th,0.0,0.0,0.0,0.0,0.0,0.0,0.0,0.0,6.0,0.0,0.0,0.0,0.0,0.0,0.0,0.0,0.0,0.0,0.0,0.0,0.0,0.0,0.0,0.0,2.0
HS48IVY,M_15th,0.0,0.0,0.0,0.0,0.0,0.0,0.0,0.0,30.0,0.0,0.0,0.0,0.0,106.0,0.0,0.0,0.0,0.0,0.0,0.0,0.0,0.0,0.0,0.0,4.0
HSDCPRM48AGD,M_15th,0.0,0.0,0.0,0.0,0.0,0.0,0.0,0.0,22.0,0.0,0.0,0.0,0.0,66.0,0.0,70.0,0.0,0.0,0.0,0.0,0.0,0.0,0.0,0.0,4.0
S-90000299,M_15th,,,,,,,,,,,,,,,,,,,,,,,,,
ACGEI-PD PLUS,M_15th,0.0,0.0,0.0,0.0,0.0,0.0,0.0,0.0,0.0,15.0,0.0,10.0,0.0,0.0,0.0,0.0,0.0,0.0,0.0,0.0,0.0,15.0,5.0,0.0,12.0
AURA56NEWWHT,M_15th,0.0,0.0,0.0,0.0,0.0,0.0,0.0,0.0,0.0,0.0,0.0,0.0,0.0,0.0,0.0,0.0,0.0,0.0,0.0,0.0,0.0,0.0,0.0,0.0,4.0
AURPMAD36ONX,M_15th,0.0,0.0,0.0,0.0,0.0,0.0,0.0,0.0,0.0,0.0,0.0,0.0,0.0,0.0,0.0,0.0,0.0,0.0,0.0,0.0,0.0,0.0,0.0,0.0,2.0
AURPMAD48CHK,M_15th,0.0,0.0,0.0,0.0,0.0,0.0,0.0,0.0,0.0,0.0,0.0,0.0,0.0,0.0,0.0,0.0,0.0,0.0,0.0,0.0,0.0,0.0,0.0,0.0,2.0
BRIZ36OPW,M_15th,0.0,0.0,0.0,0.0,0.0,0.0,0.0,0.0,0.0,0.0,0.0,0.0,0.0,0.0,0.0,0.0,0.0,0.0,0.0,0.0,0.0,0.0,0.0,0.0,4.0
BRIZ48BRN,M_15th,0.0,0.0,0.0,0.0,0.0,0.0,0.0,0.0,0.0,0.0,0.0,0.0,0.0,0.0,0.0,0.0,0.0,0.0,0.0,0.0,0.0,0.0,0.0,73.0,4.0
BRIZ48OPW,M_15th,0.0,0.0,0.0,0.0,0.0,0.0,0.0,0.0,0.0,0.0,0.0,0.0,0.0,0.0,0.0,0.0,0.0,0.0,0.0,0.0,0.0,0.0,16.0,430.0,4.0
CAL48SSBB,M_15th,0.0,0.0,0.0,0.0,0.0,0.0,0.0,0.0,0.0,0.0,0.0,0.0,0.0,0.0,0.0,0.0,0.0,0.0,0.0,0.0,0.0,0.0,0.0,0.0,4.0
NEOBRZ48BRN,M_15th,0.0,0.0,0.0,0.0,0.0,0.0,0.0,0.0,0.0,0.0,0.0,0.0,0.0,0.0,0.0,0.0,0.0,0.0,0.0,0.0,0.0,0.0,0.0,125.0,4.0
NEOBRZ48IVY,M_15th,0.0,0.0,0.0,0.0,0.0,0.0,0.0,0.0,0.0,0.0,0.0,0.0,0.0,0.0,0.0,0.0,0.0,0.0,0.0,0.0,0.0,0.0,0.0,0.0,4.0
NEOBRZDEC48BRN,M_15th,0.0,0.0,0.0,0.0,0.0,0.0,0.0,0.0,0.0,0.0,0.0,0.0,0.0,0.0,0.0,0.0,0.0,0.0,0.0,0.0,0.0,0.0,0.0,0.0,4.0
NEOBRZDEC48IVY,M_15th,0.0,0.0,0.0,0.0,0.0,0.0,0.0,0.0,0.0,0.0,0.0,0.0,0.0,0.0,0.0,0.0,0.0,0.0,0.0,0.0,0.0,0.0,0.0,0.0,4.0
S-90000287,M_15th,,,,,,,,,,,,,,,,,,,,,,,,,
S-90000288,M_15th,,,,,,,,,,,,,,,,,,,,,,,,,
S-90000494,M_15th,,,,,,,,,,,,,,,,,,,,,,,,,
S-90000815,M_15th,,,,,,,,,,,,,,,,,,,,,,,,,
S-90000831,M_15th,,,,,,,,,,,,,,,,,,,,,,,,,
S-90002107,M_15th,,,,,,,,,,,,,,,,,,,,,,,,,
S-90002110,M_15th,,,,,,,,,,,,,,,,,,,,,,,,,
S-90002347,M_15th,,,,,,,,,,,,,,,,,,,,,,,,,
S-90002501,M_15th,,,,,,,,,,,,,,,,,,,,,,,,,
TRIT48ABR,M_15th,0.0,0.0,0.0,0.0,0.0,0.0,0.0,0.0,0.0,3.0,0.0,0.0,0.0,0.0,0.0,0.0,0.0,0.0,0.0,0.0,72.0,10.0,52.0,20.0,2.0
URANUS48BLK,M_15th,0.0,0.0,0.0,0.0,0.0,0.0,0.0,0.0,0.0,0.0,0.0,0.0,0.0,0.0,0.0,0.0,0.0,0.0,0.0,0.0,0.0,0.0,0.0,6.0,1.0
URANUS48IVY,M_15th,0.0,0.0,0.0,0.0,0.0,0.0,0.0,0.0,0.0,0.0,0.0,0.0,0.0,0.0,0.0,0.0,0.0,0.0,0.0,0.0,0.0,0.0,0.0,24.0,1.0
AVRPMAD48IBL,M_15th,0.0,0.0,0.0,0.0,0.0,0.0,0.0,0.0,0.0,0.0,118.0,0.0,0.0,0.0,0.0,0.0,0.0,0.0,0.0,0.0,0.0,0.0,0.0,0.0,2.0
AXIALAIR6IVY,M_15th,0.0,0.0,0.0,0.0,0.0,0.0,0.0,0.0,0.0,0.0,0.35,0.0,0.0,5.0,0.0,0.0,0.0,0.0,0.0,0.0,0.0,0.0,0.0,0.0,20.0
BRISKAIRPLUS6WHT,M_15th,0.0,0.0,0.0,0.0,0.0,0.0,0.0,0.0,0.0,0.0,0.75,0.0,0.0,37.5,0.0,0.0,0.0,0.0,0.0,0.0,0.0,0.0,0.0,0.0,8.0
CB48LB,M_15th,0.0,0.0,0.0,0.0,0.0,0.0,0.0,0.0,0.0,0.0,0.25,0.0,0.0,0.0,0.0,0.0,0.0,0.0,0.0,0.0,0.0,0.0,0.0,0.0,4.0
HSDCPRM48GGD,M_15th,0.0,0.0,0.0,0.0,0.0,0.0,0.0,0.0,0.0,0.0,12.0,0.0,0.0,0.0,0.0,0.0,0.0,0.0,0.0,0.0,0.0,0.0,0.0,0.0,4.0
S-90001777,M_15th,,,,,,,,,,,,,,,,,,,,,,,,,
S-90001779,M_15th,,,,,,,,,,,,,,,,,,,,,,,,,
S-90002460,M_15th,,,,,,,,,,,,,,,,,,,,,,,,,
S-90002461,M_15th,,,,,,,,,,,,,,,,,,,,,,,,,
TRIT48BST,M_15th,0.0,0.0,0.0,0.0,0.0,0.0,0.0,0.0,0.0,0.0,0.0,0.0,0.0,0.0,0.0,0.0,0.0,0.0,0.0,0.0,118.0,12.0,0.0,47.0,2.0
WMFIZZAIR12OPW,M_15th,0.0,0.0,0.0,0.0,0.0,0.0,0.0,0.0,0.0,0.0,0.0,0.0,0.0,0.0,0.0,0.0,0.0,0.0,0.0,0.0,14.0,0.0,21.0,20.0,3.0
WMFIZZAIRHS16OPW,M_15th,0.0,0.0,0.0,0.0,0.0,0.0,0.0,0.0,0.0,0.0,20.0,0.0,0.0,0.0,0.0,0.0,24.0,0.0,0.0,20.0,9.0,0.0,20.0,20.0,3.0
ASWH1025-WHTGRYSIL,M_15th,0.0,0.0,0.0,0.0,0.0,0.0,0.0,0.0,0.0,0.0,0.0,0.0,0.0,0.0,0.0,0.0,0.0,0.0,0.0,0.0,0.0,0.0,0.0,0.0,1.0
DIGNITAAD48CRML,M_15th,0.0,0.0,0.0,0.0,0.0,0.0,0.0,0.0,0.0,0.0,0.0,11.0,0.0,0.0,0.0,0.0,0.0,0.0,0.0,0.0,0.0,0.0,0.0,0.0,4.0
DIGNITAAD48SONX,M_15th,0.0,0.0,0.0,0.0,0.0,0.0,0.0,0.0,0.0,0.0,0.0,11.0,0.0,0.0,0.0,0.0,0.0,0.0,0.0,0.0,0.0,0.0,0.0,0.0,4.0
EXHD450-4-1,M_15th,0.0,0.0,0.0,0.0,0.0,0.0,0.0,0.0,0.0,0.0,0.0,0.0,0.0,0.0,0.0,0.0,0.0,0.0,0.0,0.0,0.0,0.0,0.0,935.0,1.0
SB48IVY,M_15th,0.0,0.0,0.0,0.0,0.0,0.0,0.0,0.0,0.0,0.0,0.0,105.0,0.0,0.0,0.0,0.0,0.0,0.0,0.0,0.0,0.0,0.0,0.0,0.0,4.0
DRIFTAIRPLUS12OPW,M_15th,0.0,0.0,0.0,0.0,0.0,0.0,0.0,0.0,0.0,0.0,0.0,0.0,0.25,0.0,0.0,0.0,0.0,0.0,0.0,0.0,0.0,0.0,0.0,0.0,4.0
PFWINDFLO16OPW,M_15th,0.0,0.0,0.0,0.0,0.0,0.0,0.0,0.0,0.0,0.0,0.0,0.0,0.0,0.0,0.0,0.0,0.0,0.0,0.0,0.0,0.0,0.0,0.0,0.0,2.0
RIV48BNC,M_15th,0.0,0.0,0.0,0.0,0.0,0.0,0.0,0.0,0.0,0.0,0.0,0.0,11.0,0.0,0.0,0.0,0.0,0.0,0.0,0.0,0.0,0.0,0.0,0.0,4.0
HSDCR48IVY,M_15th,0.0,0.0,0.0,0.0,0.0,0.0,0.0,0.0,0.0,0.0,0.0,0.0,0.0,49.0,0.0,0.0,0.0,0.0,0.0,0.0,0.0,0.0,0.0,0.0,4.0
JUPITER48BRASS,M_15th,0.0,0.0,0.0,0.0,0.0,0.0,0.0,0.0,0.0,0.0,0.0,0.0,0.0,10.0,0.0,0.0,0.0,0.0,0.0,0.0,0.0,0.0,0.0,0.0,1.0
MOUNTAIR6WHT,M_15th,0.0,0.0,0.0,0.0,0.0,0.0,0.0,0.0,0.0,0.0,0.0,0.0,0.0,10.0,0.0,0.0,0.0,0.0,0.0,0.0,0.0,0.0,0.0,0.0,20.0
NEBULA48ANB,M_15th,0.0,0.0,0.0,0.0,0.0,0.0,0.0,0.0,0.0,0.0,0.0,0.0,0.0,0.0,0.0,0.0,0.0,0.0,0.0,0.0,0.0,0.0,0.0,0.0,1.0
S-90000361,M_15th,,,,,,,,,,,,,,,,,,,,,,,,,
S-90000456,M_15th,,,,,,,,,,,,,,,,,,,,,,,,,
S-90000459,M_15th,,,,,,,,,,,,,,,,,,,,,,,,,
S-90000514,M_15th,,,,,,,,,,,,,,,,,,,,,,,,,
S-90000521,M_15th,,,,,,,,,,,,,,,,,,,,,,,,,
S-90000614,M_15th,,,,,,,,,,,,,,,,,,,,,,,,,
S-90000615,M_15th,,,,,,,,,,,,,,,,,,,,,,,,,
S-90000763,M_15th,,,,,,,,,,,,,,,,,,,,,,,,,
S-90000766,M_15th,,,,,,,,,,,,,,,,,,,,,,,,,
S-90001599,M_15th,,,,,,,,,,,,,,,,,,,,,,,,,
S-90002022,M_15th,,,,,,,,,,,,,,,,,,,,,,,,,
S-90002178,M_15th,,,,,,,,,,,,,,,,,,,,,,,,,
S-90002573,M_15th,,,,,,,,,,,,,,,,,,,,,,,,,
S-90002574,M_15th,,,,,,,,,,,,,,,,,,,,,,,,,
S-90002578,M_15th,,,,,,,,,,,,,,,,,,,,,,,,,
S-90002587,M_15th,,,,,,,,,,,,,,,,,,,,,,,,,
S-90002588,M_15th,,,,,,,,,,,,,,,,,,,,,,,,,
S-90002592,M_15th,,,,,,,,,,,,,,,,,,,,,,,,,
S-90002593,M_15th,,,,,,,,,,,,,,,,,,,,,,,,,
S-90002599,M_15th,,,,,,,,,,,,,,,,,,,,,,,,,
S-90002602,M_15th,,,,,,,,,,,,,,,,,,,,,,,,,
S-KDARY48BRN,M_15th,,,,,,,,,,,,,,,,,,,,,,,,,
AXIALAIR4IVY,M_15th,0.0,0.0,0.0,0.0,0.0,0.0,0.0,0.0,0.0,0.0,0.0,0.0,0.0,0.0,0.0,0.0,0.0,0.0,0.0,0.0,0.0,0.0,0.0,0.0,20.0
ENT48OPW,M_15th,0.0,0.0,0.0,0.0,0.0,0.0,0.0,0.0,0.0,0.0,0.0,0.0,0.0,0.0,74.0,0.0,0.0,0.0,0.0,0.0,0.0,0.0,0.0,0.0,4.0
S-90000306,M_15th,,,,,,,,,,,,,,,,,,,,,,,,,
S-90002521,M_15th,,,,,,,,,,,,,,,,,,,,,,,,,
S-90002522,M_15th,,,,,,,,,,,,,,,,,,,,,,,,,
S-90002523,M_15th,,,,,,,,,,,,,,,,,,,,,,,,,
S-90002589,M_15th,,,,,,,,,,,,,,,,,,,,,,,,,
ASWH615HZ-IVY,M_15th,0.0,0.0,0.0,0.0,0.0,0.0,0.0,0.0,0.0,0.0,0.0,0.0,0.0,0.0,0.0,11.0,0.0,0.0,0.0,0.0,0.0,0.0,0.0,0.0,1.0
S-90000333,M_15th,,,,,,,,,,,,,,,,,,,,,,,,,
S-90000685,M_15th,,,,,,,,,,,,,,,,,,,,,,,,,
S-90000767,M_15th,,,,,,,,,,,,,,,,,,,,,,,,,
S-90000984,M_15th,,,,,,,,,,,,,,,,,,,,,,,,,
S-90002431,M_15th,,,,,,,,,,,,,,,,,,,,,,,,,
S-PB12PLDGTCRML,M_15th,,,,,,,,,,,,,,,,,,,,,,,,,
S-PB12PLDGTRSBY,M_15th,,,,,,,,,,,,,,,,,,,,,,,,,
S-PB12PLDGTSONX,M_15th,,,,,,,,,,,,,,,,,,,,,,,,,
S-PT12PLDGTCRML,M_15th,,,,,,,,,,,,,,,,,,,,,,,,,
S-PT12PLDGTRSBY,M_15th,,,,,,,,,,,,,,,,,,,,,,,,,
S-PT12PLDGTSONX,M_15th,,,,,,,,,,,,,,,,,,,,,,,,,
S-90000248,M_15th,,,,,,,,,,,,,,,,,,,,,,,,,
S-90000689,M_15th,,,,,,,,,,,,,,,,,,,,,,,,,
S-90001377,M_15th,,,,,,,,,,,,,,,,,,,,,,,,,
S-90001594,M_15th,,,,,,,,,,,,,,,,,,,,,,,,,
S-90001836,M_15th,,,,,,,,,,,,,,,,,,,,,,,,,
S-90002579,M_15th,,,,,,,,,,,,,,,,,,,,,,,,,
S-90002598,M_15th,,,,,,,,,,,,,,,,,,,,,,,,,
VENTILUS8IVY,M_15th,0.0,0.0,0.0,0.0,0.0,0.0,0.0,0.0,0.0,0.0,0.0,0.0,0.0,0.0,0.0,0.0,3.0,10.0,0.0,0.0,0.0,0.0,0.0,0.0,8.0
VENTILUS8WHT,M_15th,0.0,0.0,0.0,0.0,0.0,0.0,0.0,0.0,0.0,0.0,0.0,0.0,0.0,0.0,0.0,0.0,0.0,0.0,0.0,0.0,0.0,0.0,10.0,0.0,8.0
S-90000340,M_15th,,,,,,,,,,,,,,,,,,,,,,,,,
S-90000384,M_15th,,,,,,,,,,,,,,,,,,,,,,,,,
S-90000406,M_15th,,,,,,,,,,,,,,,,,,,,,,,,,
S-90000827,M_15th,,,,,,,,,,,,,,,,,,,,,,,,,
S-90000834,M_15th,,,,,,,,,,,,,,,,,,,,,,,,,
S-90000996,M_15th,,,,,,,,,,,,,,,,,,,,,,,,,
S-90001604,M_15th,,,,,,,,,,,,,,,,,,,,,,,,,
S-90002032,M_15th,,,,,,,,,,,,,,,,,,,,,,,,,
S-90002432,M_15th,,,,,,,,,,,,,,,,,,,,,,,,,
VENTILUS6IVY,M_15th,0.0,0.0,0.0,0.0,0.0,0.0,0.0,0.0,0.0,0.0,0.0,0.0,0.0,0.0,0.0,0.0,0.0,0.0,0.0,0.0,0.0,0.0,0.0,0.0,8.0
VENTILUS6IVY,M_15th,0.0,0.0,0.0,0.0,0.0,0.0,0.0,0.0,0.0,0.0,0.0,0.0,0.0,0.0,0.0,0.0,0.0,0.0,0.0,0.0,0.0,0.0,0.0,0.0,8.0
EXHD380-4-3,M_15th,0.0,0.0,0.0,0.0,0.0,0.0,0.0,0.0,0.0,0.0,0.0,0.0,0.0,0.0,0.0,0.0,0.0,0.0,25.0,0.0,0.0,0.0,0.0,0.0,1.0
PAVAN48IVY,M_15th,0.0,0.0,0.0,0.0,0.0,0.0,0.0,0.0,0.0,0.0,0.0,0.0,0.0,0.0,0.0,0.0,0.0,0.0,2.0,0.0,0.0,0.0,0.0,0.0,4.0
ARYBRZ48BRN,M_15th,0.0,0.0,0.0,0.0,0.0,0.0,0.0,0.0,0.0,0.0,0.0,0.0,0.0,0.0,0.0,0.0,0.0,0.0,0.0,0.0,23.5,0.0,0.0,0.0,4.0
ARYBRZ48OPW,M_15th,0.0,0.0,0.0,0.0,0.0,0.0,0.0,0.0,0.0,0.0,0.0,0.0,0.0,0.0,0.0,0.0,0.0,0.0,0.0,33.0,0.0,45.0,24.0,45.0,4.0
AURPMAD48HMG,M_15th,0.0,0.0,0.0,0.0,0.0,0.0,0.0,0.0,0.0,0.0,0.0,0.0,0.0,0.0,0.0,0.0,0.0,0.0,0.0,0.0,0.0,0.0,0.0,0.0,2.0
S-90000325,M_15th,,,,,,,,,,,,,,,,,,,,,,,,,
S-90000342,M_15th,,,,,,,,,,,,,,,,,,,,,,,,,
S-90000344,M_15th,,,,,,,,,,,,,,,,,,,,,,,,,
S-90000376,M_15th,,,,,,,,,,,,,,,,,,,,,,,,,
S-90000782,M_15th,,,,,,,,,,,,,,,,,,,,,,,,,
S-90000795,M_15th,,,,,,,,,,,,,,,,,,,,,,,,,
S-90001336,M_15th,,,,,,,,,,,,,,,,,,,,,,,,,
S-90001353,M_15th,,,,,,,,,,,,,,,,,,,,,,,,,
S-90001354,M_15th,,,,,,,,,,,,,,,,,,,,,,,,,
S-90001621,M_15th,,,,,,,,,,,,,,,,,,,,,,,,,
S-90001964,M_15th,,,,,,,,,,,,,,,,,,,,,,,,,
S-90001965,M_15th,,,,,,,,,,,,,,,,,,,,,,,,,
S-90001976,M_15th,,,,,,,,,,,,,,,,,,,,,,,,,
S-90002456,M_15th,,,,,,,,,,,,,,,,,,,,,,,,,
S-90002466,M_15th,,,,,,,,,,,,,,,,,,,,,,,,,
S-90002507,M_15th,,,,,,,,,,,,,,,,,,,,,,,,,
S-90002508,M_15th,,,,,,,,,,,,,,,,,,,,,,,,,
TFWIND16AG-2U-DBL,M_15th,,,,,,,,,,,,,,,,,,,,,,,,,
PVNDEC48IVY,M_15th,0.0,0.0,0.0,0.0,0.0,0.0,0.0,0.0,0.0,0.0,0.0,0.0,0.0,0.0,0.0,0.0,0.0,0.0,0.0,0.0,0.0,0.0,0.0,0.0,4.0
S-90001850,M_15th,,,,,,,,,,,,,,,,,,,,,,,,,
AURPMAD36BKE,M_15th,0.0,0.0,0.0,0.0,0.0,0.0,0.0,0.0,0.0,0.0,0.0,0.0,0.0,0.0,0.0,0.0,0.0,0.0,0.0,0.0,0.0,0.0,0.0,0.0,2.0
AURPMAD48BSC,M_15th,0.0,0.0,0.0,0.0,0.0,0.0,0.0,0.0,0.0,0.0,0.0,0.0,0.0,0.0,0.0,0.0,0.0,0.0,0.0,0.0,0.0,0.0,0.0,0.0,4.0
AURPMAD48HGD,M_15th,0.0,0.0,0.0,0.0,0.0,0.0,0.0,0.0,0.0,0.0,0.0,0.0,0.0,0.0,0.0,0.0,0.0,0.0,0.0,0.0,0.0,0.0,0.0,0.0,4.0
AVRPMAD36BBR,M_15th,0.0,0.0,0.0,0.0,0.0,0.0,0.0,0.0,0.0,0.0,0.0,0.0,0.0,0.0,0.0,0.0,0.0,0.0,0.0,0.0,0.0,0.0,0.0,0.0,2.0
AVRPMAD48CBN,M_15th,0.0,0.0,0.0,0.0,0.0,0.0,0.0,0.0,0.0,0.0,0.0,0.0,0.0,0.0,0.0,0.0,0.0,0.0,0.0,0.0,0.0,0.0,0.0,0.0,2.0
AVRPMAD48RBN,M_15th,0.0,0.0,0.0,0.0,0.0,0.0,0.0,0.0,0.0,0.0,0.0,0.0,0.0,0.0,0.0,0.0,0.0,0.0,0.0,0.0,0.0,0.0,0.0,0.0,2.0
AVRPMAD48SKS,M_15th,0.0,0.0,0.0,0.0,0.0,0.0,0.0,0.0,0.0,0.0,0.0,0.0,0.0,0.0,0.0,0.0,0.0,0.0,0.0,0.0,0.0,0.0,0.0,0.0,2.0
HS48DBN,M_15th,,,,,,,,,,,,,,,,,,,,,,,,,
S-90000708,M_15th,,,,,,,,,,,,,,,,,,,,,,,,,
S-90001293,M_15th,,,,,,,,,,,,,,,,,,,,,,,,,
S-90002065,M_15th,,,,,,,,,,,,,,,,,,,,,,,,,
S-90002467,M_15th,,,,,,,,,,,,,,,,,,,,,,,,,
SEN48OPW,M_15th,0.0,0.0,0.0,0.0,0.0,0.0,0.0,0.0,0.0,0.0,0.0,0.0,0.0,0.0,0.0,0.0,0.0,0.0,0.0,0.0,0.0,0.0,0.0,0.0,4.0
VENTILUS6WHT,M_15th,0.0,0.0,0.0,0.0,0.0,0.0,0.0,0.0,0.0,0.0,0.0,0.0,0.0,0.0,0.0,0.0,0.0,0.0,0.0,0.0,0.0,3.0,0.0,0.0,8.0
S-102001257,M_15th,,,,,,,,,,,,,,,,,,,,,,,,,
S-90000336,M_15th,,,,,,,,,,,,,,,,,,,,,,,,,
S-90000338,M_15th,,,,,,,,,,,,,,,,,,,,,,,,,
S-90000407,M_15th,,,,,,,,,,,,,,,,,,,,,,,,,
S-90000409,M_15th,,,,,,,,,,,,,,,,,,,,,,,,,
S-90000410,M_15th,,,,,,,,,,,,,,,,,,,,,,,,,
S-90000697,M_15th,,,,,,,,,,,,,,,,,,,,,,,,,
S-90000772,M_15th,,,,,,,,,,,,,,,,,,,,,,,,,
S-90000991,M_15th,,,,,,,,,,,,,,,,,,,,,,,,,
S-90000992,M_15th,,,,,,,,,,,,,,,,,,,,,,,,,
S-90000993,M_15th,,,,,,,,,,,,,,,,,,,,,,,,,
S-90001033,M_15th,,,,,,,,,,,,,,,,,,,,,,,,,
S-90001034,M_15th,,,,,,,,,,,,,,,,,,,,,,,,,
S-90001035,M_15th,,,,,,,,,,,,,,,,,,,,,,,,,
S-90001257,M_15th,,,,,,,,,,,,,,,,,,,,,,,,,
S-90001264,M_15th,,,,,,,,,,,,,,,,,,,,,,,,,
S-90001265,M_15th,,,,,,,,,,,,,,,,,,,,,,,,,
S-90001266,M_15th,,,,,,,,,,,,,,,,,,,,,,,,,
S-90001268,M_15th,,,,,,,,,,,,,,,,,,,,,,,,,
S-90001273,M_15th,,,,,,,,,,,,,,,,,,,,,,,,,
S-90001274,M_15th,,,,,,,,,,,,,,,,,,,,,,,,,
S-90001275,M_15th,,,,,,,,,,,,,,,,,,,,,,,,,
S-90001872,M_15th,,,,,,,,,,,,,,,,,,,,,,,,,
S-90001873,M_15th,,,,,,,,,,,,,,,,,,,,,,,,,
S-90001874,M_15th,,,,,,,,,,,,,,,,,,,,,,,,,
S-90002025,M_15th,,,,,,,,,,,,,,,,,,,,,,,,,
S-90002433,M_15th,,,,,,,,,,,,,,,,,,,,,,,,,
SMART48MB,M_15th,0.0,0.0,0.0,0.0,0.0,0.0,0.0,0.0,0.0,0.0,0.0,0.0,0.0,0.0,0.0,0.0,0.0,0.0,0.0,0.0,0.0,0.0,0.0,0.0,4.0
ARYBRZ48LBN,M_15th,0.0,0.0,0.0,0.0,0.0,0.0,0.0,0.0,0.0,0.0,0.0,0.0,0.0,0.0,0.0,0.0,0.0,0.0,0.0,0.0,0.0,0.0,0.0,205.0,4.0
AURPMAD56BKE,M_15th,0.0,0.0,0.0,0.0,0.0,0.0,0.0,0.0,0.0,0.0,0.0,0.0,0.0,0.0,0.0,0.0,0.0,0.0,0.0,0.0,0.0,0.0,0.0,0.0,4.0
AVR36SWT,M_15th,0.0,0.0,0.0,0.0,0.0,0.0,0.0,0.0,0.0,0.0,0.0,0.0,0.0,0.0,0.0,0.0,0.0,0.0,0.0,0.0,0.0,0.0,0.0,0.0,2.0
AVRPMAD48MMT,M_15th,0.0,0.0,0.0,0.0,0.0,0.0,0.0,0.0,0.0,0.0,0.0,0.0,0.0,0.0,0.0,0.0,0.0,0.0,0.0,0.0,0.0,0.0,0.0,0.0,2.0
AVRPRIME48HWD,M_15th,0.0,0.0,0.0,0.0,0.0,0.0,0.0,0.0,0.0,0.0,0.0,0.0,0.0,0.0,0.0,0.0,0.0,0.0,0.0,0.0,0.0,0.0,0.0,0.0,2.0
BRIZDEC48BRNN,M_15th,0.0,0.0,0.0,0.0,0.0,0.0,0.0,0.0,0.0,0.0,0.0,0.0,0.0,0.0,0.0,0.0,0.0,0.0,0.0,0.0,0.0,0.0,0.0,5.0,4.0
BRIZDEC48OPW,M_15th,0.0,0.0,0.0,0.0,0.0,0.0,0.0,0.0,0.0,0.0,0.0,0.0,0.0,0.0,0.0,0.0,0.0,0.0,0.0,0.0,0.0,0.0,0.0,1.0,4.0
HLB48OPW,M_15th,0.0,0.0,0.0,0.0,0.0,0.0,0.0,0.0,0.0,0.0,0.0,0.0,0.0,0.0,0.0,0.0,0.0,0.0,0.0,0.0,0.0,0.0,0.0,1.0,4.0
JURA48BBR,M_15th,0.0,0.0,0.0,0.0,0.0,0.0,0.0,0.0,0.0,0.0,0.0,0.0,0.0,0.0,0.0,0.0,0.0,0.0,0.0,0.0,0.0,0.0,0.0,0.0,4.0
JURA48PSWT,M_15th,0.0,0.0,0.0,0.0,0.0,0.0,0.0,0.0,0.0,0.0,0.0,0.0,0.0,0.0,0.0,0.0,0.0,0.0,0.0,0.0,0.0,0.0,0.0,0.0,4.0
NEOBRZ48OPW,M_15th,0.0,0.0,0.0,0.0,0.0,0.0,0.0,0.0,0.0,0.0,0.0,0.0,0.0,0.0,0.0,0.0,0.0,0.0,0.0,0.0,0.0,0.0,0.0,158.0,4.0
PFSTRM2-18BLK,M_15th,0.0,0.0,0.0,0.0,0.0,0.0,0.0,0.0,0.0,0.0,0.0,0.0,0.0,0.0,0.0,0.0,0.0,0.0,0.0,0.0,0.0,0.0,0.0,15.0,2.0
RIV56OPW,M_15th,0.0,0.0,0.0,0.0,0.0,0.0,0.0,0.0,0.0,0.0,0.0,0.0,0.0,0.0,0.0,0.0,0.0,0.0,0.0,0.0,0.0,0.0,0.0,0.0,4.0
SUPERBRIZDEC48BKWT,M_15th,0.0,0.0,0.0,0.0,0.0,0.0,0.0,0.0,0.0,0.0,0.0,0.0,0.0,0.0,0.0,0.0,0.0,0.0,0.0,0.0,0.0,0.0,0.0,106.0,4.0
SUPERBRIZDEC48SLWT,M_15th,0.0,0.0,0.0,0.0,0.0,0.0,0.0,0.0,0.0,0.0,0.0,0.0,0.0,0.0,0.0,0.0,0.0,0.0,0.0,0.0,0.0,0.0,0.0,88.0,4.0
SUPERBRIZDEC48SMBR,M_15th,0.0,0.0,0.0,0.0,0.0,0.0,0.0,0.0,0.0,0.0,0.0,0.0,0.0,0.0,0.0,0.0,0.0,0.0,0.0,0.0,0.0,0.0,0.0,63.0,4.0
ARYBRZ48IVY,M_25th,0.0,0.0,0.0,0.0,0.0,0.0,0.0,0.0,0.0,0.0,0.0,0.0,0.0,0.0,0.0,0.0,0.0,0.0,0.0,0.0,0.0,0.0,0.0,0.0,4.0
AVRPRIME48NWD,M_25th,59.0,0.0,0.0,0.0,0.0,0.0,0.0,0.0,0.0,0.0,0.0,15.0,0.0,0.0,0.0,0.0,0.0,0.0,44.0,0.0,0.0,0.0,0.0,0.0,2.0
BRISKAIR6HSBLKN,M_25th,,,,,,,,,,,,,,,,,,,,,,,,,
BRISKAIR6HSBRNN,M_25th,,,,,,,,,,,,,,,,,,,,,,,,,
BRISKAIR6HSWHTN,M_25th,0.0,0.0,0.0,0.0,0.0,0.0,0.0,0.0,0.0,0.0,0.0,0.0,0.0,0.0,0.0,0.0,0.0,0.0,2.0,0.0,0.0,0.0,0.0,0.0,8.0
BRISKAIR8HSIVYN,M_25th,,,,,,,,,,,,,,,,,,,,,,,,,
BRISKAIR8HSWHTN,M_25th,0.0,0.0,0.0,0.0,0.0,0.0,0.0,0.0,0.0,0.0,0.0,0.0,0.0,0.0,0.0,0.0,0.0,0.0,1.0,0.0,0.0,0.0,0.0,0.0,8.0
BRISKAIRPLUS6BRN,M_25th,,,,,,,,,,,,,,,,,,,,,,,,,
BRISKAIRPLUS6IVY,M_25th,0.0,0.0,0.0,0.0,0.0,0.0,0.0,0.0,0.0,0.0,0.0,0.0,0.0,0.0,0.0,0.0,0.0,0.0,0.0,0.0,0.0,0.0,0.0,0.0,8.0
BRIZ24BRN,M_25th,39.0,0.0,0.0,0.0,0.0,0.0,0.0,10.0,0.0,15.0,10.0,0.0,0.0,0.0,0.0,0.0,0.0,0.0,0.0,0.0,27.0,0.0,12.0,46.5,4.0
BRIZ36OPW,M_25th,0.0,0.0,0.0,0.0,0.0,0.0,0.0,0.0,0.0,0.0,0.0,0.0,0.0,0.0,0.0,0.0,0.0,0.0,0.0,0.0,0.0,0.0,0.0,0.0,4.0
BRIZ42BRN,M_25th,0.0,0.0,0.0,0.0,0.0,0.0,0.0,0.0,0.0,0.0,0.0,0.0,0.0,0.0,0.0,0.0,0.0,0.0,0.0,0.0,0.0,0.0,0.0,0.0,4.0
BRIZ42OPW,M_25th,0.0,0.0,0.0,0.0,0.0,0.0,0.0,0.0,0.0,0.0,0.0,0.0,0.0,0.0,0.0,0.0,0.0,0.0,4.0,0.0,0.0,0.0,0.0,0.0,4.0
BRIZ48BRN,M_25th,0.0,0.0,0.0,0.0,0.0,0.0,0.0,0.0,0.0,0.0,0.0,0.0,0.0,0.0,0.0,0.0,0.0,0.0,0.0,0.0,0.0,0.0,0.0,0.0,4.0
BRIZ48OPW,M_25th,0.0,0.0,0.0,0.0,0.0,0.0,0.0,0.0,0.0,0.0,0.0,0.0,0.0,0.0,0.0,0.0,0.0,0.0,0.0,0.0,0.0,0.0,0.0,0.0,4.0
BRIZ56OPW,M_25th,0.0,0.0,0.0,0.0,0.0,0.0,0.0,0.0,0.0,0.0,0.0,0.0,0.0,0.0,0.0,0.0,0.0,0.0,0.0,0.0,0.0,0.0,0.0,0.0,4.0
BRIZDEC48IVY,M_25th,0.0,0.0,0.0,0.0,0.0,0.0,0.0,0.0,0.0,0.0,0.0,0.0,0.0,0.0,0.0,0.0,0.0,0.0,0.0,0.0,0.0,0.0,0.0,0.0,4.0
DVN48RBN,M_25th,0.0,0.0,0.0,0.0,0.0,0.0,0.0,0.0,0.0,0.0,0.0,0.0,0.0,0.0,0.0,0.0,0.0,0.0,0.0,0.0,0.0,0.0,0.0,0.0,2.0
EXHD300-4-1,M_25th,136.0,0.0,81.0,0.0,0.0,19.0,12.0,17.0,20.0,69.0,80.0,58.0,8.0,23.0,41.0,0.0,16.0,0.0,155.0,23.0,48.0,46.0,49.0,18.0,1.0
EXHD300-6-1,M_25th,0.0,0.0,0.0,0.0,0.0,0.0,0.0,0.0,0.0,69.0,0.0,0.0,0.0,0.0,0.0,0.0,0.0,0.0,0.0,0.0,0.0,0.0,0.0,0.0,1.0
EXHD380-4-1,M_25th,126.0,0.0,10.0,0.0,0.0,0.0,194.0,0.0,12.0,0.0,0.0,33.0,0.0,12.0,33.0,0.0,0.0,47.0,136.0,0.0,75.0,0.0,0.0,52.0,1.0
EXHD380-4-3,M_25th,10.0,0.0,0.0,0.0,0.0,0.0,0.0,0.0,0.0,0.0,0.0,0.0,0.0,0.0,0.0,0.0,0.0,0.0,24.0,0.0,0.0,0.0,0.0,0.0,1.0
EXHD450-4-1,M_25th,0.0,0.0,0.0,0.0,0.0,0.0,0.0,0.0,0.0,0.0,0.0,0.0,0.0,0.0,0.0,0.0,0.0,0.0,0.0,0.0,0.0,0.0,0.0,0.0,1.0
EXHD450-4-3,M_25th,0.0,0.0,0.0,0.0,0.0,0.0,0.0,0.0,0.0,0.0,0.0,0.0,0.0,0.0,0.0,0.0,0.0,0.0,20.0,0.0,0.0,0.0,0.0,0.0,1.0
EXHD600-6-1,M_25th,0.0,0.0,0.0,0.0,0.0,0.0,0.0,0.0,0.0,0.0,0.0,0.0,0.0,0.0,0.0,0.0,0.0,0.0,0.0,0.0,0.0,0.0,0.0,0.0,1.0
EXHD600-6-3,M_25th,0.0,0.0,0.0,0.0,0.0,0.0,0.0,0.0,0.0,0.0,0.0,0.0,0.0,0.0,0.0,0.0,0.0,0.0,0.0,0.0,0.0,0.0,0.0,0.0,1.0
HS42OPW,M_25th,0.0,0.0,0.0,0.0,0.0,0.0,0.0,0.0,0.0,0.0,0.0,0.0,0.0,0.0,0.0,0.0,0.0,0.0,6.0,0.0,0.0,0.0,0.0,0.0,4.0
HS42OPW,M_25th,0.0,0.0,0.0,0.0,0.0,0.0,0.0,0.0,0.0,0.0,0.0,0.0,0.0,0.0,0.0,0.0,0.0,0.0,6.0,0.0,0.0,0.0,0.0,0.0,4.0
HS48OPW,M_25th,0.0,0.0,0.0,0.0,0.0,0.0,0.0,0.0,0.0,0.0,0.0,0.0,0.0,0.0,0.0,0.0,0.0,0.0,0.0,0.0,0.0,0.0,0.0,0.0,4.0
LRN48HGD,M_25th,0.0,0.0,0.0,0.0,0.0,0.0,0.0,0.0,0.0,0.0,0.0,0.0,0.0,0.0,0.0,0.0,0.0,0.0,0.0,0.0,0.0,0.0,0.0,0.0,4.0
RIVDASHHS6WHT,M_25th,3.0,0.0,0.0,0.0,0.0,0.0,0.0,0.0,0.0,0.0,0.0,0.0,0.0,0.0,33.0,0.0,0.0,1.0,4.0,0.0,0.0,0.0,0.0,0.0,6.0
RIVSPRINTHS6WHT,M_25th,3.0,0.0,0.0,0.0,0.0,0.0,0.0,0.0,0.0,0.0,0.0,0.0,0.0,0.0,24.833333333333332,0.0,0.0,1.0,4.0,0.0,0.0,0.0,0.0,0.0,6.0
SPLITZ48MIV,M_25th,45.0,0.0,0.0,0.0,0.0,0.0,0.0,0.0,0.0,0.0,0.0,0.0,0.0,0.0,0.0,0.0,0.0,0.0,0.0,0.0,0.0,0.0,0.0,0.0,4.0
URANUS48BLK,M_25th,0.0,0.0,0.0,0.0,0.0,0.0,0.0,0.0,0.0,0.0,0.0,0.0,0.0,0.0,0.0,0.0,0.0,0.0,0.0,0.0,0.0,0.0,0.0,0.0,1.0
URANUS48IVY,M_25th,0.0,0.0,0.0,0.0,0.0,0.0,0.0,0.0,0.0,0.0,0.0,0.0,0.0,0.0,0.0,0.0,0.0,0.0,0.0,0.0,0.0,0.0,0.0,0.0,1.0
AURA48NEWWHT,M_25th,0.0,0.0,0.0,0.0,0.0,0.0,0.0,0.0,0.0,0.0,0.0,0.0,0.0,0.0,0.0,0.0,0.0,0.0,0.0,0.0,0.0,0.0,0.0,0.0,4.0
FLY48EMBER,M_25th,0.0,0.0,10.0,0.0,0.0,0.0,0.0,0.0,14.0,14.0,24.0,0.0,0.0,0.0,0.0,0.0,0.0,0.0,0.0,0.0,0.0,0.0,0.0,5.0,2.0
HS36BRN,M_25th,0.0,0.0,0.0,0.0,0.0,0.0,0.0,0.0,37.0,0.0,0.0,0.0,0.0,5.0,0.0,0.0,0.0,14.0,0.0,0.0,0.0,0.0,0.0,0.0,4.0
HSDCR48BRN,M_25th,0.0,0.0,0.0,0.0,0.0,0.0,0.0,0.0,0.0,0.0,0.0,0.0,0.0,9.0,0.0,0.0,5.0,0.0,0.0,0.0,0.0,0.0,0.0,0.0,4.0
NEBULA48ANB,M_25th,0.0,0.0,0.0,0.0,0.0,0.0,0.0,0.0,0.0,0.0,0.0,0.0,0.0,0.0,0.0,0.0,0.0,0.0,0.0,0.0,0.0,0.0,0.0,0.0,1.0
PVNDEC48LB,M_25th,0.0,0.0,0.0,0.0,0.0,0.0,0.0,0.0,0.0,0.0,0.0,0.0,0.0,0.0,0.0,0.0,0.0,0.0,0.0,0.0,0.0,0.0,0.0,0.0,4.0
SB48IVY,M_25th,0.0,0.0,0.0,0.0,0.0,0.0,0.0,0.0,0.0,0.0,0.0,182.0,0.0,0.0,0.0,0.0,0.0,201.0,0.0,0.0,0.0,0.0,0.0,0.0,4.0
TA6AG,M_25th,0.0,0.0,0.0,0.0,0.0,0.0,0.0,0.0,0.0,2.0,0.0,0.0,1.0,0.0,2.0,0.0,0.0,0.0,0.0,0.0,0.0,2.0,0.0,0.0,8.0
TRIT48ABR,M_25th,0.0,0.0,0.0,0.0,0.0,0.0,0.0,0.0,0.0,13.0,0.0,0.0,0.0,0.0,0.0,0.0,0.0,0.0,8.0,0.0,0.0,0.0,0.0,0.0,2.0
TRIT48ACR,M_25th,0.0,0.0,0.0,0.0,0.0,0.0,0.0,0.0,0.0,13.0,20.0,10.0,0.0,0.0,0.0,0.0,4.0,5.0,11.0,0.0,0.0,0.0,0.0,0.0,2.0
ULT48IVY,M_25th,0.0,0.0,0.0,0.0,0.0,0.0,4.0,0.0,0.0,0.0,0.0,0.0,0.0,0.0,20.0,0.0,0.0,0.0,0.0,0.0,0.0,0.0,0.0,0.0,4.0
ULT48OPW,M_25th,0.0,0.0,0.0,0.0,0.0,0.0,0.0,0.0,0.0,0.0,0.0,0.0,0.0,0.0,0.0,0.0,0.0,0.0,0.0,0.0,0.0,0.0,0.0,0.0,4.0
AVR48SWT,M_25th,0.0,0.0,13.0,0.0,0.0,0.0,0.0,0.0,0.0,0.0,0.0,0.0,0.0,17.0,8.0,0.0,0.0,0.0,0.0,0.0,0.0,0.0,0.0,0.0,2.0
AXIALAIR4WHT,M_25th,0.0,0.0,2.0,0.0,0.0,0.0,0.0,0.0,0.0,0.0,0.0,0.0,0.0,0.0,6.0,0.0,0.0,0.0,2.0,0.0,0.0,0.0,0.0,0.0,20.0
BRIZ48IVY,M_25th,0.0,0.0,0.0,0.0,0.0,0.0,0.0,0.0,0.0,0.0,0.0,0.0,0.0,0.0,0.0,0.0,0.0,0.0,10.0,0.0,0.0,0.0,0.0,0.0,4.0
FLUXAIR9OPW,M_25th,0.0,0.0,0.0,0.0,0.0,0.0,0.0,0.0,0.0,0.0,50.0,0.0,0.0,0.0,0.0,0.0,0.0,0.0,0.0,0.0,0.0,0.0,0.0,0.0,4.0
FLY48SWT,M_25th,0.0,0.0,21.0,0.0,0.0,0.0,0.0,0.0,0.0,0.0,0.0,0.0,0.0,0.0,0.0,0.0,0.0,5.0,3.0,0.0,0.0,0.0,0.0,0.0,2.0
HS36IVY,M_25th,0.0,0.0,4.0,0.0,0.0,0.0,0.0,0.0,0.0,0.0,0.0,0.0,0.0,0.0,0.0,0.0,5.0,0.0,0.0,0.0,0.0,0.0,0.0,0.0,4.0
HS56OPW,M_25th,0.0,0.0,1.0,0.0,0.0,0.0,0.0,0.0,0.0,0.0,50.0,0.0,3.0,0.0,0.0,0.0,0.0,0.0,0.0,0.0,0.0,0.0,0.0,0.0,4.0
HSPLUS48OPW,M_25th,0.0,0.0,0.0,0.0,0.0,0.0,0.0,0.0,0.0,0.0,0.0,0.0,0.0,0.0,0.0,0.0,0.0,0.0,0.0,0.0,0.0,0.0,0.0,0.0,4.0
PAVAN48IVY,M_25th,0.0,0.0,7.0,0.0,0.0,0.0,0.0,0.0,0.0,0.0,0.0,0.0,0.0,0.0,0.0,0.0,0.0,0.0,7.0,0.0,0.0,0.0,0.0,0.0,4.0
SMART48IVY,M_25th,0.0,0.0,0.0,0.0,0.0,0.0,0.0,0.0,0.0,0.0,0.0,0.0,0.0,0.0,0.0,0.0,0.0,0.0,0.0,0.0,0.0,0.0,0.0,0.0,4.0
STAR22048WHT,M_25th,0.0,0.0,0.0,0.0,0.0,0.0,0.0,0.0,0.0,0.0,0.0,25.0,0.0,0.0,0.0,0.0,50.0,0.0,0.0,0.0,0.0,0.0,0.0,0.0,4.0
STAR22048WHT,M_25th,0.0,0.0,0.0,0.0,0.0,0.0,0.0,0.0,0.0,0.0,0.0,25.0,0.0,0.0,0.0,0.0,50.0,0.0,0.0,0.0,0.0,0.0,0.0,0.0,4.0
TRIT48BST,M_25th,0.0,0.0,0.0,0.0,0.0,0.0,0.0,0.0,0.0,13.0,0.0,0.0,0.0,0.0,0.0,0.0,0.0,0.0,2.0,0.0,0.0,0.0,0.0,0.0,2.0
ALBRIZ48OPW,M_25th,0.0,0.0,0.0,0.0,0.0,0.0,0.0,0.0,0.0,0.0,0.0,0.0,0.0,0.0,0.0,0.0,0.0,0.0,0.0,0.0,0.0,0.0,0.0,0.0,4.0
AVRPMAD48IBL,M_25th,0.0,0.0,0.0,1.0,0.0,12.0,0.0,0.0,0.0,0.0,0.0,0.0,10.0,0.0,0.0,0.0,0.0,0.0,0.0,0.0,0.0,0.0,0.0,0.0,2.0
BRIZ24OPW,M_25th,0.0,0.0,0.0,2.0,0.0,0.0,4.0,0.0,0.0,15.0,0.0,0.0,2.0,0.0,0.0,0.0,0.0,0.0,0.0,0.0,0.0,0.0,24.0,0.0,4.0
DRIFTAIRPLUS9OPW,M_25th,0.0,0.0,0.0,2.0,0.0,7.0,0.0,0.0,0.0,0.0,0.0,0.0,6.0,48.0,0.0,0.0,0.0,0.0,0.0,0.0,0.0,0.0,0.0,0.0,4.0
RIV48BRN,M_25th,0.0,0.0,0.0,2.0,0.0,0.0,0.0,0.0,0.0,0.0,0.0,0.0,0.0,0.0,0.0,0.0,0.0,0.0,0.0,0.0,0.0,0.0,0.0,0.0,4.0
RIV48OPW,M_25th,0.0,0.0,0.0,2.0,0.0,0.0,0.0,0.0,0.0,0.0,0.0,0.0,10.0,0.0,0.0,0.0,0.0,0.0,0.0,0.0,0.0,0.0,0.0,0.0,4.0
WWHE56OPW,M_25th,0.0,0.0,0.0,7.0,0.0,0.0,0.0,0.0,0.0,16.0,0.0,0.0,0.0,0.0,0.0,0.0,0.0,0.0,0.0,0.0,0.0,0.0,8.0,3.0,4.0
EXHD380-6-1,M_25th,0.0,0.0,0.0,0.0,0.0,0.0,6.0,0.0,0.0,0.0,0.0,0.0,0.0,0.0,0.0,0.0,0.0,0.0,0.0,0.0,0.0,0.0,0.0,0.0,1.0
EXHD450-6-1,M_25th,0.0,0.0,0.0,0.0,0.0,0.0,0.0,0.0,0.0,0.0,0.0,0.0,0.0,0.0,0.0,0.0,0.0,0.0,0.0,0.0,0.0,0.0,0.0,0.0,1.0
EXHD900-8-3,M_25th,0.0,0.0,0.0,0.0,0.0,0.0,0.0,0.0,0.0,0.0,0.0,0.0,0.0,0.0,0.0,0.0,0.0,0.0,0.0,0.0,0.0,0.0,0.0,0.0,1.0
HS36OPW,M_25th,0.0,0.0,0.0,0.0,0.0,0.0,0.0,0.0,0.0,0.0,6.0,0.0,0.0,0.0,0.0,0.0,0.0,0.0,0.0,0.0,0.0,0.0,0.0,0.0,4.0
VENTILUS10WHT,M_25th,0.0,0.0,0.0,0.0,0.0,0.0,0.0,0.0,0.0,0.0,0.0,0.0,0.0,0.0,0.0,0.0,0.0,0.0,0.0,0.0,0.0,0.0,0.0,0.0,4.0
ALBRIZ48BRN,M_25th,0.0,0.0,0.0,0.0,0.0,0.0,0.0,0.0,0.0,0.0,23.0,0.0,0.0,0.0,0.0,0.0,0.0,0.0,0.0,0.0,0.0,0.0,0.0,0.0,4.0
AXIALAIR6WHTN,M_25th,0.0,0.0,0.0,0.0,0.0,1.0,0.0,0.0,0.0,0.0,0.0,0.0,0.0,0.0,0.0,0.0,0.0,0.0,0.0,0.0,0.0,0.2,0.0,0.0,20.0
BRISKAIR8HSBLKN,M_25th,0.0,0.0,0.0,0.0,0.0,0.0,0.0,0.0,0.0,0.0,0.0,0.0,0.0,0.0,0.0,0.0,0.0,0.0,0.0,0.0,0.0,0.0,0.0,0.0,8.0
BRIZ24IVY,M_25th,0.0,0.0,0.0,0.0,0.0,0.0,0.0,0.0,0.0,0.0,0.0,0.0,0.0,0.0,0.0,0.0,0.0,0.0,0.0,0.0,0.0,0.0,0.0,0.0,4.0
DRIFTAIRPLUS12OPW,M_25th,0.0,0.0,0.0,0.0,0.0,1.0,0.0,0.0,3.0,0.0,0.0,0.0,0.0,0.0,0.0,0.0,0.0,0.0,7.0,0.0,0.0,0.0,0.0,0.0,4.0
HSPLUS48BRN,M_25th,0.0,0.0,0.0,0.0,0.0,0.0,0.0,0.0,0.0,11.0,0.0,0.0,0.0,0.0,0.0,0.0,0.0,0.0,214.0,0.0,0.0,0.0,0.0,0.0,4.0
WINDSTARFARRATA20,M_25th,0.0,0.0,0.0,0.0,0.0,0.0,0.0,0.0,0.0,0.0,33.0,0.0,0.0,0.0,0.0,0.0,0.0,0.0,0.0,0.0,0.0,0.0,0.0,0.0,2.0
AURA36NEWWHT,M_25th,0.0,0.0,0.0,0.0,0.0,0.0,0.0,0.0,0.0,0.0,0.0,0.0,0.0,0.0,0.0,0.0,0.0,0.0,0.0,0.0,0.0,0.0,0.0,0.0,4.0
AVRPRIME48RBL,M_25th,0.0,0.0,0.0,0.0,0.0,0.0,0.0,0.0,0.0,0.0,0.0,0.0,0.0,0.0,0.0,0.0,0.0,0.0,0.0,0.0,0.0,0.0,0.0,0.0,2.0
CB36OPW,M_25th,0.0,0.0,0.0,0.0,0.0,0.0,3.0,0.0,0.0,17.0,5.0,0.0,0.0,0.0,0.0,0.0,0.0,0.0,1.0,0.0,0.0,0.0,0.0,4.0,4.0
PVNDEC48IVY,M_25th,0.0,0.0,0.0,0.0,0.0,0.0,0.0,0.0,0.0,0.0,0.0,0.0,0.0,0.0,0.0,0.0,0.0,0.0,0.0,0.0,0.0,0.0,0.0,0.0,4.0
SMART48LB,M_25th,0.0,0.0,0.0,0.0,0.0,0.0,0.0,0.0,0.0,0.0,0.0,0.0,0.0,0.0,0.0,0.0,0.0,0.0,0.0,0.0,0.0,0.0,0.0,0.0,4.0
VENTILUS8WHT,M_25th,0.0,0.0,0.0,0.0,0.0,0.0,0.0,0.0,0.0,0.0,0.0,0.0,0.0,0.0,0.0,0.0,0.0,0.0,0.0,0.0,0.0,0.0,0.0,0.0,8.0
HSDCR48IVY,M_25th,0.0,0.0,0.0,0.0,0.0,0.0,0.0,1.0,24.0,0.0,0.0,0.0,0.0,46.0,0.0,26.0,0.0,48.0,5.0,0.0,0.0,0.0,0.0,0.0,4.0
AURA48BRNDLX,M_25th,0.0,0.0,0.0,0.0,0.0,0.0,0.0,0.0,35.0,0.0,0.0,12.0,1.0,45.0,0.0,0.0,0.0,0.0,0.0,0.0,0.0,0.0,0.0,0.0,4.0
JUPITER48BRASS,M_25th,0.0,0.0,0.0,0.0,0.0,0.0,0.0,0.0,0.0,12.0,0.0,0.0,0.0,0.0,0.0,0.0,0.0,0.0,0.0,0.0,0.0,0.0,0.0,0.0,1.0
NEOBRZ48BRN,M_25th,0.0,0.0,0.0,0.0,0.0,0.0,0.0,0.0,0.0,104.0,0.0,0.0,0.0,0.0,0.0,0.0,0.0,0.0,0.0,0.0,0.0,0.0,0.0,0.0,4.0
NEOBRZ48IVY,M_25th,0.0,0.0,0.0,0.0,0.0,0.0,0.0,0.0,0.0,9.0,0.0,0.0,0.0,0.0,0.0,0.0,0.0,0.0,0.0,0.0,0.0,0.0,0.0,0.0,4.0
NEOBRZ48OPW,M_25th,0.0,0.0,0.0,0.0,0.0,0.0,0.0,0.0,0.0,194.0,0.0,0.0,0.0,0.0,0.0,0.0,30.0,0.0,0.0,0.0,0.0,0.0,0.0,106.0,4.0
NEOBRZDEC48BRN,M_25th,0.0,0.0,0.0,0.0,0.0,0.0,0.0,0.0,0.0,0.0,0.0,0.0,0.0,0.0,0.0,0.0,0.0,0.0,0.0,0.0,0.0,0.0,0.0,0.0,4.0
NEOBRZDEC48IVY,M_25th,0.0,0.0,0.0,0.0,0.0,0.0,0.0,0.0,0.0,3.0,0.0,0.0,0.0,0.0,0.0,0.0,0.0,0.0,0.0,0.0,0.0,0.0,0.0,0.0,4.0
RIV36OPW,M_25th,0.0,0.0,0.0,0.0,0.0,0.0,0.0,0.0,0.0,0.0,0.0,0.0,0.0,0.0,0.0,0.0,0.0,0.0,0.0,0.0,0.0,0.0,0.0,0.0,4.0
VENTILUS6WHT,M_25th,0.0,0.0,0.0,0.0,0.0,0.0,0.0,0.0,0.0,3.0,7.0,0.0,0.0,0.0,0.0,0.0,2.0,57.0,0.0,0.0,0.0,0.0,0.0,0.0,8.0
WWHE48OPW,M_25th,0.0,0.0,0.0,0.0,0.0,0.0,0.0,0.0,0.0,0.0,0.0,0.0,0.0,0.0,0.0,0.0,0.0,0.0,0.0,0.0,0.0,0.0,0.0,0.0,4.0
CB56OPW,M_25th,0.0,0.0,0.0,0.0,0.0,0.0,0.0,0.0,0.0,0.0,1.0,0.0,1.0,0.0,0.0,0.0,0.0,0.0,0.0,0.0,0.0,0.0,0.0,0.0,4.0
HS56BRN,M_25th,0.0,0.0,0.0,0.0,0.0,0.0,0.0,0.0,0.0,0.0,50.0,3.0,1.0,0.0,0.0,0.0,0.0,0.0,0.0,0.0,0.0,9.0,0.0,0.0,4.0
HSDCPRM48GGD,M_25th,0.0,0.0,0.0,0.0,0.0,0.0,0.0,0.0,0.0,0.0,30.0,0.0,0.0,0.0,0.0,0.0,0.0,0.0,0.0,0.0,0.0,0.0,0.0,0.0,4.0
SMART48MB,M_25th,0.0,0.0,0.0,0.0,0.0,0.0,0.0,0.0,0.0,0.0,0.0,0.0,0.0,0.0,0.0,0.0,0.0,0.0,0.0,0.0,0.0,0.0,0.0,0.0,4.0
SMART48OPW,M_25th,0.0,0.0,0.0,0.0,0.0,0.0,0.0,0.0,0.0,0.0,0.0,0.0,0.0,0.0,0.0,0.0,0.0,0.0,0.0,0.0,0.0,0.0,0.0,0.0,4.0
WMFIZZAIR12OPW,M_25th,0.0,0.0,0.0,0.0,0.0,0.0,0.0,0.0,0.0,0.0,0.0,0.0,0.0,0.0,0.0,0.0,0.0,0.0,0.0,0.0,0.0,0.0,0.0,0.0,3.0
WMFIZZAIRHS16OPW,M_25th,0.0,0.0,0.0,0.0,0.0,0.0,0.0,0.0,0.0,0.0,14.0,0.0,0.0,0.0,0.0,0.0,20.0,0.0,0.0,0.0,17.0,0.0,14.0,0.0,3.0
ARYBRZ48OPW,M_25th,0.0,0.0,0.0,0.0,0.0,0.0,0.0,0.0,0.0,0.0,0.0,0.0,0.0,0.0,0.0,0.0,0.0,0.0,0.0,0.0,0.0,0.0,0.0,0.0,4.0
VENTILUS6IVY,M_25th,0.0,0.0,0.0,0.0,0.0,0.0,0.0,0.0,0.0,0.0,0.0,0.0,0.0,0.0,0.0,0.0,0.0,0.0,0.0,0.0,0.0,0.0,0.0,0.0,8.0
VENTILUS6IVY,M_25th,0.0,0.0,0.0,0.0,0.0,0.0,0.0,0.0,0.0,0.0,0.0,0.0,0.0,0.0,0.0,0.0,0.0,0.0,0.0,0.0,0.0,0.0,0.0,0.0,8.0
WWHE48LB,M_25th,0.0,0.0,0.0,0.0,0.0,0.0,0.0,0.0,0.0,0.0,0.0,0.0,0.0,0.0,0.0,0.0,0.0,0.0,0.0,0.0,0.0,0.0,0.0,1.0,4.0
ENT48OPW,M_25th,0.0,0.0,0.0,0.0,0.0,0.0,0.0,0.0,0.0,0.0,0.0,9.0,0.0,0.0,0.0,0.0,0.0,0.0,0.0,0.0,0.0,0.0,21.0,0.0,4.0
SPLITZ48SWT,M_25th,0.0,0.0,0.0,0.0,0.0,0.0,0.0,0.0,0.0,0.0,0.0,44.0,0.0,0.0,0.0,0.0,0.0,0.0,0.0,0.0,0.0,0.0,0.0,0.0,4.0
SPLITZ48SWT,M_25th,0.0,0.0,0.0,0.0,0.0,0.0,0.0,0.0,0.0,0.0,0.0,44.0,0.0,0.0,0.0,0.0,0.0,0.0,0.0,0.0,0.0,0.0,0.0,0.0,4.0
ALBRIZ48IVY,M_25th,0.0,0.0,0.0,0.0,0.0,0.0,0.0,0.0,0.0,0.0,0.0,0.0,5.0,0.0,0.0,0.0,0.0,0.0,0.0,0.0,0.0,0.0,0.0,0.0,4.0
AVRPMAD48COCO,M_25th,0.0,0.0,0.0,0.0,0.0,0.0,0.0,0.0,0.0,0.0,0.0,0.0,4.0,0.0,0.0,0.0,0.0,0.0,0.0,0.0,0.0,0.0,0.0,0.0,2.0
DRIFTAIRPLUS6OPW,M_25th,0.0,0.0,0.0,0.0,0.0,0.0,0.0,0.0,0.0,0.0,0.0,0.0,1.0,0.0,0.0,0.0,0.0,0.0,0.0,0.0,0.0,0.0,0.0,0.0,6.0
RIV48BNC,M_25th,0.0,0.0,0.0,0.0,0.0,0.0,0.0,0.0,0.0,0.0,0.0,0.0,5.0,0.0,0.0,0.0,40.0,0.0,0.0,0.0,0.0,0.0,0.0,0.0,4.0
SUPERBRIZDEC48BKWT,M_25th,0.0,0.0,0.0,0.0,0.0,0.0,0.0,0.0,0.0,0.0,0.0,0.0,1.0,0.0,0.0,0.0,0.0,0.0,0.0,0.0,0.0,0.0,0.0,0.0,4.0
SUPERBRIZDEC48SMBR,M_25th,0.0,0.0,0.0,0.0,0.0,0.0,0.0,0.0,0.0,0.0,0.0,0.0,0.0,0.0,0.0,0.0,0.0,0.0,0.0,0.0,0.0,0.0,0.0,0.0,4.0
SUPERBRIZDEC48SLWT,M_25th,0.0,0.0,0.0,0.0,0.0,0.0,0.0,0.0,0.0,0.0,0.0,0.0,0.0,0.0,0.0,0.0,0.0,0.0,0.0,0.0,0.0,0.0,0.0,0.0,4.0
HLB48OPW,M_25th,0.0,0.0,0.0,0.0,0.0,0.0,0.0,0.0,0.0,0.0,0.0,0.0,0.0,0.0,0.0,0.0,0.0,0.0,0.0,0.0,0.0,0.0,0.0,0.0,4.0
HS48IVY,M_25th,0.0,0.0,0.0,0.0,0.0,0.0,0.0,0.0,0.0,0.0,0.0,0.0,0.0,0.0,0.0,0.0,0.0,0.0,0.0,0.0,0.0,0.0,11.0,0.0,4.0
AXIALAIR4IVY,M_25th,0.0,0.0,0.0,0.0,0.0,0.0,0.0,0.0,0.0,0.0,0.0,0.0,0.0,0.0,0.0,0.0,0.0,0.0,0.0,0.0,0.0,0.0,0.0,0.0,20.0
ULT48BRN,M_25th,0.0,0.0,0.0,0.0,0.0,0.0,0.0,0.0,0.0,0.0,0.0,0.0,0.0,0.0,0.0,0.0,0.0,0.0,0.0,0.0,0.0,0.0,0.0,0.0,4.0
BRIZDEC48BRNN,M_25th,0.0,0.0,0.0,0.0,0.0,0.0,0.0,0.0,0.0,0.0,0.0,0.0,0.0,0.0,0.0,0.0,0.0,0.0,0.0,0.0,0.0,0.0,0.0,3.0,4.0
BRIZDEC48OPW,M_25th,0.0,0.0,0.0,0.0,0.0,0.0,0.0,0.0,0.0,0.0,0.0,0.0,0.0,0.0,0.0,0.0,0.0,0.0,5.0,0.0,0.0,0.0,0.0,6.0,4.0
VENTILUS8IVY,M_25th,0.0,0.0,0.0,0.0,0.0,0.0,0.0,0.0,0.0,0.0,0.0,0.0,0.0,0.0,0.0,0.0,2.0,10.0,0.0,0.0,0.0,0.0,0.0,0.0,8.0
AST48BRN,M_25th,0.0,0.0,0.0,0.0,0.0,0.0,0.0,0.0,0.0,0.0,0.0,0.0,0.0,0.0,0.0,0.0,0.0,0.0,1.0,0.0,0.0,0.0,0.0,0.0,4.0
AST48OPW,M_25th,0.0,0.0,0.0,0.0,0.0,0.0,0.0,0.0,0.0,0.0,0.0,0.0,0.0,0.0,0.0,0.0,0.0,0.0,0.0,0.0,0.0,0.0,0.0,0.0,4.0
BRIZ36IVY,M_25th,0.0,0.0,0.0,0.0,0.0,0.0,0.0,0.0,0.0,0.0,0.0,0.0,0.0,0.0,0.0,0.0,0.0,0.0,4.0,0.0,0.0,0.0,0.0,0.0,4.0
PAVAN48OPW,M_25th,0.0,0.0,0.0,0.0,0.0,0.0,0.0,0.0,0.0,0.0,0.0,0.0,0.0,0.0,0.0,0.0,0.0,0.0,9.0,0.0,0.0,0.0,0.0,0.0,4.0
CB24IVY,M+1_7th,,,,,,,,,,,,,,,,,,,,,,,,,
CB24OPW,M+1_7th,34.0,0.0,0.0,0.0,0.0,0.0,0.0,115.0,0.0,41.0,0.0,0.0,3.0,0.0,0.0,0.0,0.0,0.0,99.0,0.0,70.0,0.0,0.0,0.0,4.0
SEAWIND48IVY,M+1_7th,43.0,0.0,127.0,0.0,0.0,0.0,0.0,0.0,0.0,0.0,0.0,0.0,0.0,0.0,342.0,0.0,0.0,0.0,0.0,0.0,0.0,0.0,0.0,0.0,4.0
SEAWIND48LB,M+1_7th,103.0,0.0,0.0,0.0,0.0,0.0,0.0,0.0,10.0,0.0,0.0,0.0,0.0,0.0,451.0,28.0,0.0,0.0,0.0,0.0,0.0,0.0,0.0,0.0,4.0
SUPERBRIZDEC48SLWT,M+1_7th,0.0,0.0,0.0,0.0,0.0,0.0,0.0,0.0,0.0,0.0,0.0,0.0,0.0,0.0,0.0,0.0,0.0,0.0,0.0,0.0,0.0,0.0,0.0,0.0,4.0
SEAWIND48OPW,M+1_7th,0.0,0.0,0.0,0.0,0.0,0.0,0.0,0.0,24.0,0.0,0.0,83.0,0.0,0.0,0.0,0.0,0.0,33.0,0.0,0.0,0.0,0.0,0.0,0.0,4.0
HLB48BRN,M+1_7th,0.0,0.0,21.0,0.0,0.0,0.0,0.0,0.0,0.0,0.0,0.0,0.0,0.0,0.0,0.0,0.0,0.0,19.0,0.0,0.0,0.0,0.0,0.0,0.0,4.0
SUPERBRIZDEC48BKWT,M+1_7th,0.0,0.0,0.0,13.0,0.0,0.0,0.0,0.0,0.0,0.0,0.0,0.0,13.0,0.0,87.0,0.0,58.0,0.0,0.0,0.0,0.0,0.0,0.0,0.0,4.0
SUPERBRIZDEC48SMBR,M+1_7th,0.0,0.0,0.0,0.0,0.0,0.0,0.0,0.0,0.0,0.0,0.0,0.0,0.0,0.0,0.0,0.0,0.0,0.0,0.0,0.0,0.0,0.0,0.0,0.0,4.0
WMWINDFLO16OPW,M+1_7th,0.0,0.0,0.0,0.0,0.0,57.0,0.0,0.0,0.0,0.0,0.0,0.0,11.0,0.0,0.0,0.0,0.0,0.0,0.0,0.0,0.0,0.0,0.0,0.0,3.0
AXIALAIR6IVY,M+1_7th,0.0,0.0,0.0,0.0,0.0,0.0,0.0,4.0,0.0,0.0,0.0,0.0,0.0,0.0,0.0,0.0,2.0,0.0,6.0,0.65,0.0,0.0,0.0,0.0,20.0
CB24LB,M+1_7th,0.0,0.0,0.0,0.0,0.0,0.0,0.0,0.0,0.0,16.0,0.0,0.0,0.0,0.0,0.0,0.0,0.0,0.0,0.0,0.0,0.0,0.0,0.0,0.0,4.0
PFWINDFLO16OPW,M+1_7th,0.0,0.0,0.0,0.0,0.0,0.0,0.0,0.0,0.0,0.0,0.0,0.0,0.0,0.0,0.0,0.0,0.0,0.0,0.0,0.0,0.0,0.0,0.0,0.0,2.0
TA12AG-GRD,M+1_7th,0.0,0.0,0.0,0.0,0.0,0.0,0.0,0.0,0.0,0.0,0.0,0.0,0.0,0.0,0.0,0.0,0.0,0.0,0.0,0.0,0.0,7.0,0.0,0.0,2.0
CB48LB,M+1_7th,0.0,0.0,0.0,0.0,0.0,0.0,0.0,0.0,0.0,0.0,0.0,0.0,0.0,374.0,179.0,0.0,0.0,0.0,0.0,0.0,0.0,0.0,0.0,0.0,4.0
CB48OPW,M+1_7th,0.0,0.0,0.0,0.0,0.0,0.0,0.0,0.0,0.0,0.0,0.0,0.0,0.0,59.0,91.0,0.0,0.0,0.0,0.0,0.0,0.0,0.0,0.0,0.0,4.0
DRIFTAIRPLUS12OPW,M+1_7th,0.0,0.0,0.0,0.0,0.0,0.0,0.0,0.0,0.0,0.0,0.0,0.0,0.0,0.0,0.0,0.0,0.75,0.0,0.0,0.0,0.0,0.0,0.0,0.0,4.0
CB48IVY,M+1_7th,0.0,0.0,0.0,0.0,0.0,0.0,0.0,0.0,0.0,0.0,0.0,0.0,0.0,0.0,0.0,0.0,0.0,0.5,0.0,0.0,0.0,0.0,0.0,0.0,4.0
