,Material,STPO_Cut_Off,Key,Kolkata_STPO,GUWAHATI_STPO,Ranchi_STPO,Patna_STPO,Cuttack_STPO,Delhi_STPO,Ghaziabad_STPO,Chandigarh_STPO,LUCKNOW_STPO,Jalandhar_STPO,Jaipur_STPO,Chennai_STPO,Coimbatore_STPO,Madurai_STPO,Bangalore_STPO,SECUNDERABAD_STPO,Vijayawada_STPO,Cochin_STPO,Bhiwandi_STPO,AHMEDABAD_STPO,Pune_STPO,Indore_STPO,Nagpur_STPO,RAIPUR_STPO,GW07_STPO
0,ACGEI-ED PLUS,M_15th,ACGEI-ED PLUS_M_15th,,,48.0,,,,,,,,,,,,,,,,,,,,,,
1,ACGEI-HDC,M_15th,ACGEI-HDC_M_15th,,,12.0,,,,,,,,,,,,,,,,,,,,,,
2,ACGEI-PD PLUS,M_15th,ACGEI-PD PLUS_M_15th,,,,,,60.0,180.0,,180.0,,,,,,,,,,,,,120.0,,,
3,ACGEI-RD,M_15th,ACGEI-RD_M_15th,936.0,,,120.0,,192.0,240.0,,96.0,60.0,480.0,,1008.0,1644.0,,408.0,312.0,408.0,360.0,,,132.0,,,
4,ACGIC-CREST,M_15th,ACGIC-CREST_M_15th,,,36.0,54.0,,,,,,,,,,,,,,,,,,,,,
5,ACGJMG-RJPLUS,M_15th,ACGJMG-RJPLUS_M_15th,16.0,,,40.0,,,,112.0,,,,,,,12.0,20.0,,,,,,,,,
6,ACGM-DS51,M_15th,ACGM-DS51_M_15th,,,4.0,,,,,,,,,,,,,,,,,,,,,,
7,ACGM-DXT PLUS,M_15th,ACGM-DXT PLUS_M_15th,,,20.0,34.0,,,,,,,,,,,,,,,,,,,,,
8,ACGM-FROSTY LITE,M_15th,ACGM-FROSTY LITE_M_15th,,,6.0,,,,,,,,,,,,,,,,,,,,,,
9,ACGM-MANGO LITE,M_15th,ACGM-MANGO LITE_M_15th,,,18.0,,,,,,,,,,,,,,,,,,,,,,
10,ACGM-TD71,M_15th,ACGM-TD71_M_15th,,,40.0,108.0,,,,,,,,,,,,,,,,,,,,,
11,ACGM-VX,M_15th,ACGM-VX_M_15th,,,72.0,36.0,,,,,,,,,,,,,,,,,,,,,
12,ACGSI-ARISTO,M_15th,ACGSI-ARISTO_M_15th,,,,12.0,,,,,48.0,,,,84.0,,,,,,,,,,,,
13,ACGVS-100VAC,M_15th,ACGVS-100VAC_M_15th,,,14.0,18.0,38.0,,,,,,,,,,,,,,,,,5.0,,,
14,AIWH01PC1(3KW)-IVY,M_15th,AIWH01PC1(3KW)-IVY_M_15th,,,,,,,,,,,,,24.0,30.0,,,,,,,,,,,
15,ALBRIZ48BRN,M_15th,ALBRIZ48BRN_M_15th,180.0,500.0,,1184.0,240.0,,,,,,,,,,,,,,,,,,,,
16,ALBRIZ48BRN,M_25th,ALBRIZ48BRN_M_25th,164.0,1400.0,,748.0,160.0,,,,,,,,,,,,,,,,,,,,
17,ALBRIZ48IVY,M_25th,ALBRIZ48IVY_M_25th,,20.0,,,,,,,,,,,,,,,,,,,,,,,
18,ALBRIZ48OPW,M_15th,ALBRIZ48OPW_M_15th,,808.0,40.0,,60.0,,,,,,,,,,,,,,,,,,,,
19,ALBRIZ48OPW,M_25th,ALBRIZ48OPW_M_25th,,600.0,160.0,,40.0,,,,,,,,,,,,,,,,,,,,
20,ARYBRZ48BRN,M_15th,ARYBRZ48BRN_M_15th,,,,,,,,,,92.0,140.0,,,,,,,,,,,,,,
21,ARYBRZ48IVY,M_15th,ARYBRZ48IVY_M_15th,,,,,,124.0,100.0,,,,372.0,,,,,,,,,,680.0,,,,
22,ARYBRZ48IVY,M_25th,ARYBRZ48IVY_M_25th,,,8.0,40.0,92.0,84.0,68.0,,,,248.0,,,,,,,,116.0,116.0,4.0,,,,
23,ARYBRZ48LBN,M_15th,ARYBRZ48LBN_M_15th,,,,,,,,820.0,,,,,,,,,,,,,,,,,
24,ARYBRZ48OPW,M_15th,ARYBRZ48OPW_M_15th,,,,,,96.0,180.0,180.0,,696.0,,,,,,,,,,,,,,,
25,ARYBRZ48OPW,M_25th,ARYBRZ48OPW_M_25th,,,,,,904.0,164.0,164.0,,492.0,412.0,,,,,,,,,,,,,,
26,AST48BRN,M_25th,AST48BRN_M_25th,,,,,,,,,,,,,,,,,,,,64.0,,,,,
27,AST48OPW,M_25th,AST48OPW_M_25th,,,,,,,,,,,,,,,,,,,,44.0,,,,,
28,ASWH1025-WHTGRYSIL,M_15th,ASWH1025-WHTGRYSIL_M_15th,,,,,,,,,,,,6.0,,,12.0,,,,,,,20.0,,,
29,ASWH1515-WHT/BRW,M_15th,ASWH1515-WHT/BRW_M_15th,,,,,,,,,,,,,,,,,,,,,,,1.0,,
30,ASWH450-IVY,M_15th,ASWH450-IVY_M_15th,,,,,,,,,,,,,,,,,,,30.0,,,,,,
31,ASWH615HZ-IVY,M_15th,ASWH615HZ-IVY_M_15th,,,,,,,,,,,,11.0,,,,,,,,,,,,,
32,AURA36NEWWHT,M_25th,AURA36NEWWHT_M_25th,,,,,,,,12.0,,,,,,,,,,,,,4.0,,32.0,,
33,AURA48BRNDLX,M_15th,AURA48BRNDLX_M_15th,,16.0,48.0,,,,,,,,,,188.0,152.0,48.0,216.0,,232.0,,,,,,,
34,AURA48BRNDLX,M_25th,AURA48BRNDLX_M_25th,,4.0,,,,,,,,,,,180.0,140.0,,,,,,,,48.0,,,
35,AURA48IVYDLX,M_15th,AURA48IVYDLX_M_15th,,,,,,,,,,,,,,,,,224.0,,,,,,,,
36,AURA48NEWWHT,M_15th,AURA48NEWWHT_M_15th,,,,,,,,,,,,,,,,,,,,44.0,,,,12.0,
37,AURA48NEWWHT,M_25th,AURA48NEWWHT_M_25th,,,,,8.0,,4.0,28.0,,,,,64.0,48.0,,,36.0,36.0,,20.0,,60.0,,36.0,
38,AURA56NEWWHT,M_15th,AURA56NEWWHT_M_15th,,,,,,,,,32.0,,,,,,,,,,,,,,,,
39,AURPMAD36BKE,M_15th,AURPMAD36BKE_M_15th,,,,,,,20.0,26.0,,,,,,,,,,,,,,,,,
40,AURPMAD36ONX,M_15th,AURPMAD36ONX_M_15th,,,,,,,,,26.0,,,,,,,,,,,,,,,,
41,AURPMAD48BSC,M_15th,AURPMAD48BSC_M_15th,,,,,,,12.0,,,,,,,,,,,,,,,,,,
42,AURPMAD48CHK,M_15th,AURPMAD48CHK_M_15th,,,,,,,,,66.0,,,,,,,,,,,,,,,,
43,AURPMAD48HGD,M_15th,AURPMAD48HGD_M_15th,,,,,,,4.0,16.0,,,,,,,,,,,,,,,,,
44,AURPMAD48HMG,M_15th,AURPMAD48HMG_M_15th,,,,,,,48.0,48.0,,16.0,,,,,,,,,,,,,,,
45,AURPMAD48TTE,M_15th,AURPMAD48TTE_M_15th,212.0,,,,44.0,,,,24.0,,,,,,,,,,,,96.0,76.0,,,
46,AURPMAD56BKE,M_15th,AURPMAD56BKE_M_15th,,,,,,,,68.0,,,,,,,,,,,,,,,,,
47,AVR36SWT,M_15th,AVR36SWT_M_15th,,,,,,,,38.0,,,,,,,,,,,,,,,,,
48,AVR48SWT,M_15th,AVR48SWT_M_15th,,,,,,,,,,,,,50.0,,30.0,120.0,114.0,144.0,,,,,,,
49,AVR48SWT,M_25th,AVR48SWT_M_25th,,,,,,,,,,,,,34.0,,,26.0,,16.0,,,,,,,
50,AVRPMAD36BBR,M_15th,AVRPMAD36BBR_M_15th,,,,,,,4.0,54.0,,,,,,,,,,,,,,,,,
51,AVRPMAD48CBN,M_15th,AVRPMAD48CBN_M_15th,,,,,,,18.0,48.0,,,,,,,,,,,,,,,,,
52,AVRPMAD48COCO,M_15th,AVRPMAD48COCO_M_15th,,,,,,,200.0,20.0,280.0,226.0,,,,,,,,,190.0,8.0,,,,,
53,AVRPMAD48COCO,M_25th,AVRPMAD48COCO_M_25th,,8.0,,,,,,,,,,,,,,,,,,,,,,,
54,AVRPMAD48IBL,M_15th,AVRPMAD48IBL_M_15th,236.0,,,,,,,,,,,,,,,,,,,,,,,,
55,AVRPMAD48IBL,M_25th,AVRPMAD48IBL_M_25th,,20.0,2.0,24.0,,,,,,,,,,,,,,,,,,,,,
56,AVRPMAD48MMT,M_15th,AVRPMAD48MMT_M_15th,,,,,,,,36.0,,,,,,,,,,,,,,,,,
57,AVRPMAD48RBN,M_15th,AVRPMAD48RBN_M_15th,,,,,,,18.0,192.0,,,,,,,,,,,,,,,,,
58,AVRPMAD48SKS,M_15th,AVRPMAD48SKS_M_15th,,,,,,,34.0,102.0,,,,,,,,,,,,,,,,,
59,AVRPRIME48HWD,M_15th,AVRPRIME48HWD_M_15th,,,,,,,,8.0,,,,,,,,,,,,,,,,,
60,AVRPRIME48NWD,M_15th,AVRPRIME48NWD_M_15th,,,,,,,,,,,,,34.0,,,70.0,22.0,,,,,44.0,,,
61,AVRPRIME48NWD,M_25th,AVRPRIME48NWD_M_25th,,,,,,100.0,16.0,14.0,,,146.0,,38.0,,18.0,46.0,22.0,64.0,118.0,88.0,60.0,30.0,,,
62,AVRPRIME48RBL,M_25th,AVRPRIME48RBL_M_25th,,,,,,,,,,,,,,,,,,,,30.0,,16.0,10.0,,
63,AXIALAIR4IVY,M_15th,AXIALAIR4IVY_M_15th,,,,,,,,,,,,,,,,,,20.0,,,,,,,
64,AXIALAIR4IVY,M_25th,AXIALAIR4IVY_M_25th,,,,,,,,,,,,,,,,,,80.0,,,,,,,
65,AXIALAIR4WHT,M_15th,AXIALAIR4WHT_M_15th,,,,,,,,,,40.0,60.0,,,,,60.0,,180.0,,,,,,,
66,AXIALAIR4WHT,M_25th,AXIALAIR4WHT_M_25th,,,,,,,,,,20.0,40.0,,,,,40.0,,120.0,,40.0,,,,,
67,AXIALAIR6IVY,M+1_7th,AXIALAIR6IVY_M+1_7th,,,,,40.0,,,,,13.0,,,,,,,,,,120.0,80.0,,,,
68,AXIALAIR6IVY,M_15th,AXIALAIR6IVY_M_15th,7.0,,,,,,,,,,,,100.0,,,,,,,,,,,,
69,AXIALAIR6WHTN,M_25th,AXIALAIR6WHTN_M_25th,,,,20.0,,,4.0,,,,,,,,,,,,,,,,,,
70,BRISKAIR6HSBLKN,M_15th,BRISKAIR6HSBLKN_M_15th,,,,24.0,,,,,,,,,,,,,,,104.0,,,,,,
71,BRISKAIR6HSBLKN,M_25th,BRISKAIR6HSBLKN_M_25th,,,,16.0,,,,,,,,,,,,,,,72.0,,,,,,
72,BRISKAIR6HSBRNN,M_15th,BRISKAIR6HSBRNN_M_15th,,,,,,,,,,,,,,,,,,,104.0,,,,,,
73,BRISKAIR6HSBRNN,M_25th,BRISKAIR6HSBRNN_M_25th,,,,,,,,,,,,,,,,,,,72.0,,,,,,
74,BRISKAIR6HSWHTN,M_15th,BRISKAIR6HSWHTN_M_15th,,,,,,,,,,,,64.0,,,,,,,64.0,32.0,,,,,
75,BRISKAIR6HSWHTN,M_25th,BRISKAIR6HSWHTN_M_25th,,,,,,,,,,,,40.0,,,,,,,32.0,24.0,,,,,
76,BRISKAIR8HSBLKN,M_15th,BRISKAIR8HSBLKN_M_15th,,,,16.0,,,,,,,,,,,,,,,,,,,,,
77,BRISKAIR8HSBLKN,M_25th,BRISKAIR8HSBLKN_M_25th,,,,8.0,,,,,,,,,,,,,,,,,,,,,
78,BRISKAIR8HSIVYN,M_15th,BRISKAIR8HSIVYN_M_15th,,,,,,,,,,,,,,,,,64.0,,32.0,,,,,,
79,BRISKAIR8HSIVYN,M_25th,BRISKAIR8HSIVYN_M_25th,,,,,,,,,,,,,,,,,40.0,,24.0,,,,,,
80,BRISKAIR8HSWHTN,M_15th,BRISKAIR8HSWHTN_M_15th,,,,,,,,,,,,,,,,,,,16.0,32.0,,,,,
81,BRISKAIR8HSWHTN,M_25th,BRISKAIR8HSWHTN_M_25th,,,,,,,,,,,,,,,,,,,32.0,24.0,,,,,
82,BRISKAIRPLUS6BRN,M_15th,BRISKAIRPLUS6BRN_M_15th,,,,16.0,,,,,,,,,,,,,,,48.0,,,,,,
83,BRISKAIRPLUS6BRN,M_25th,BRISKAIRPLUS6BRN_M_25th,,,,8.0,,,,,,,,,,,,,,,32.0,,,,,,
84,BRISKAIRPLUS6IVY,M_15th,BRISKAIRPLUS6IVY_M_15th,,,,,,,,,,,,,,,,,,,24.0,,,,,,
85,BRISKAIRPLUS6IVY,M_25th,BRISKAIRPLUS6IVY_M_25th,,,,,,,,,,,,,,,,,,,16.0,,,,,,
86,BRISKAIRPLUS6WHT,M_15th,BRISKAIRPLUS6WHT_M_15th,6.0,,,,,,,,,,,,300.0,,,,,,,,,,,,
87,BRISKAIRPLUS8WHT,M_15th,BRISKAIRPLUS8WHT_M_15th,,,,,,,,,,,,,200.0,,,,,,4.0,,,,,,
88,BRIZ24BRN,M_25th,BRIZ24BRN_M_25th,40.0,,,,,48.0,8.0,216.0,60.0,8.0,108.0,,,,,,,,156.0,,40.0,,,,
89,BRIZ24IVY,M_15th,BRIZ24IVY_M_15th,,,,12.0,8.0,,,32.0,,,,,,,,,,,,,,,,,
90,BRIZ24IVY,M_25th,BRIZ24IVY_M_25th,,,,16.0,8.0,,,44.0,,,,,,,,,,76.0,,,,,,,
91,BRIZ24OPW,M_15th,BRIZ24OPW_M_15th,,,4.0,,,,,348.0,,,,,,,,,,,,,,,,,
92,BRIZ24OPW,M_25th,BRIZ24OPW_M_25th,,8.0,8.0,,,492.0,,212.0,60.0,4.0,20.0,,,,,,,,,,,,16.0,,
93,BRIZ36IVY,M_25th,BRIZ36IVY_M_25th,,,,,,,,,,,,,,,,,,,,20.0,,,,,
94,BRIZ36OPW,M_15th,BRIZ36OPW_M_15th,,8.0,,,,212.0,,224.0,8.0,,,,,,,,,,,,,,,,
95,BRIZ36OPW,M_25th,BRIZ36OPW_M_25th,,8.0,,,,328.0,,148.0,60.0,,164.0,,,,,,,,212.0,96.0,24.0,8.0,,,
96,BRIZ42BRN,M_15th,BRIZ42BRN_M_15th,,,,,,,,,,,24.0,,,,,,,,112.0,32.0,,,,,
97,BRIZ42BRN,M_25th,BRIZ42BRN_M_25th,,,,,,,,,,,16.0,,,,,,,,208.0,20.0,,,,,
98,BRIZ42OPW,M_25th,BRIZ42OPW_M_25th,,,,,,,,,,,16.0,,,,,,,,192.0,20.0,,,,,
99,BRIZ48BRN,M_15th,BRIZ48BRN_M_15th,,,,,,2492.0,124.0,7072.0,28.0,1000.0,1052.0,,,,,,,,,464.0,,,,,
100,BRIZ48BRN,M_25th,BRIZ48BRN_M_25th,,,,,,2460.0,84.0,2048.0,20.0,824.0,1748.0,400.0,,,,,,188.0,1244.0,48.0,88.0,,,,
101,BRIZ48IVY,M_25th,BRIZ48IVY_M_25th,,,,,8.0,248.0,,112.0,,,308.0,148.0,,,,40.0,,,,40.0,,,,,
102,BRIZ48OPW,M_15th,BRIZ48OPW_M_15th,,,,,,3832.0,84.0,1720.0,2028.0,1500.0,1332.0,,,,,,,,,,,,,,
103,BRIZ48OPW,M_25th,BRIZ48OPW_M_25th,,,,,,1312.0,40.0,1148.0,20.0,468.0,4.0,,,,,,,,36.0,416.0,76.0,,,,
104,BRIZ56OPW,M_15th,BRIZ56OPW_M_15th,,,,,,492.0,56.0,236.0,,248.0,48.0,,,,,,,,,60.0,116.0,,,,
105,BRIZ56OPW,M_25th,BRIZ56OPW_M_25th,,,,,,328.0,36.0,156.0,,164.0,124.0,,,,,,,,76.0,40.0,80.0,,,,
106,BRIZDEC48BRNN,M_15th,BRIZDEC48BRNN_M_15th,,,,,,,,20.0,,,,,,,,,,,,,,,,,
107,BRIZDEC48BRNN,M_25th,BRIZDEC48BRNN_M_25th,,,,,,,,12.0,,,,,,,,,,,,,,,,,
108,BRIZDEC48IVY,M_15th,BRIZDEC48IVY_M_15th,,,,,,,,52.0,,,,,,,,,,,92.0,32.0,56.0,,,,
109,BRIZDEC48IVY,M_25th,BRIZDEC48IVY_M_25th,,,,,,,,36.0,,,,,,,,,,,76.0,20.0,40.0,,,,
110,BRIZDEC48OPW,M_15th,BRIZDEC48OPW_M_15th,,,,,,,,4.0,,,,,,,,,,,,,,,,,
111,BRIZDEC48OPW,M_25th,BRIZDEC48OPW_M_25th,,,,,,,,24.0,,,,,,,,,,,,20.0,,,,,
112,CAL48SSBB,M_15th,CAL48SSBB_M_15th,,,,,,,,,24.0,,,,,,,,,,,,,,,,
113,CB24IVY,M+1_7th,CB24IVY_M+1_7th,,,,,,,,,,,40.0,,,,,,,,36.0,,188.0,,,,
114,CB24LB,M+1_7th,CB24LB_M+1_7th,,,,,,,,,64.0,,,,,,,,,,,,,,,,
115,CB24OPW,M+1_7th,CB24OPW_M+1_7th,,12.0,,,,,,,164.0,,280.0,,,,,,,,136.0,396.0,460.0,,,,
116,CB36OPW,M_25th,CB36OPW_M_25th,20.0,,,,,,,28.0,68.0,,,,,,,,,,,4.0,,,12.0,,
117,CB48IVY,M+1_7th,CB48IVY_M+1_7th,,,,,,,,,,,,,,,2.0,,,,,,,,,,
118,CB48LB,M+1_7th,CB48LB_M+1_7th,,,,,,,,,,,,,1496.0,,,,,716.0,,,,,,,
119,CB48LB,M_15th,CB48LB_M_15th,1.0,,,,,,,,,,,,,,,,,,,,,,,,
120,CB48OPW,M+1_7th,CB48OPW_M+1_7th,,,,,,,,,,,,,236.0,,,,,364.0,,,,,,,
121,CB56OPW,M_25th,CB56OPW_M_25th,4.0,8.0,,,,,,,,,,,,,,,,,,,,,,,
122,DIGNITAAD48CRML,M_15th,DIGNITAAD48CRML_M_15th,,,,,,,,,,,,,,,,,,,,,,44.0,,,
123,DIGNITAAD48SONX,M_15th,DIGNITAAD48SONX_M_15th,,,,,,,,,,,,,,,,,,,,,,44.0,,,
124,DRIFTAIRPLUS12OPW,M+1_7th,DRIFTAIRPLUS12OPW_M+1_7th,,,,,3.0,,,,,,,,,,,,,,,,,,,,
125,DRIFTAIRPLUS12OPW,M_15th,DRIFTAIRPLUS12OPW_M_15th,,1.0,,,,,,,,,,,,,,,,,,,,,,,
126,DRIFTAIRPLUS12OPW,M_25th,DRIFTAIRPLUS12OPW_M_25th,,,,4.0,,,,,,,,,,12.0,,,,,,28.0,,,,,
127,DRIFTAIRPLUS6OPW,M_25th,DRIFTAIRPLUS6OPW_M_25th,,24.0,,,,,,,,,,,,,,,,,,,,,,,
128,DRIFTAIRPLUS9OPW,M_25th,DRIFTAIRPLUS9OPW_M_25th,,24.0,8.0,28.0,,,,,,,,,192.0,,,,,,,,,,,,
129,DVN48RBN,M_15th,DVN48RBN_M_15th,,,,,10.0,,12.0,40.0,,,6.0,,,,,,,,40.0,428.0,,208.0,,,
130,DVN48RBN,M_25th,DVN48RBN_M_25th,,,,,16.0,56.0,16.0,26.0,,,42.0,,,,,,,,114.0,286.0,,140.0,,,
131,ENT48OPW,M_15th,ENT48OPW_M_15th,,,,,,,,,,,,,,,,,,296.0,,,,,,,
132,ENT48OPW,M_25th,ENT48OPW_M_25th,,,,,,84.0,,,,,,,,,,,,,,,,36.0,,,
133,EXHD300-4-1,M_15th,EXHD300-4-1_M_15th,,,,,,,,,,,,,,,,28.0,,,,,,,,,
134,EXHD300-4-1,M_25th,EXHD300-4-1_M_25th,80.0,8.0,,19.0,16.0,49.0,46.0,18.0,69.0,23.0,48.0,,23.0,20.0,,81.0,10.0,41.0,136.0,155.0,17.0,58.0,12.0,,
135,EXHD300-6-1,M_15th,EXHD300-6-1_M_15th,,,,,,97.0,11.0,,46.0,,45.0,,,,,,,,15.0,,,,,,
136,EXHD300-6-1,M_25th,EXHD300-6-1_M_25th,,,,,,86.0,7.0,8.0,69.0,27.0,37.0,,,,15.0,,,,10.0,,,15.0,,,
137,EXHD380-4-1,M_25th,EXHD380-4-1_M_25th,,,,,,,,52.0,,,75.0,,12.0,12.0,47.0,10.0,4.0,33.0,126.0,136.0,,33.0,194.0,,
138,EXHD380-4-3,M_15th,EXHD380-4-3_M_15th,,,,,,,,,,,,,,,,,,,,25.0,,,,,
139,EXHD380-4-3,M_25th,EXHD380-4-3_M_25th,,,,,,,,,,,,,,,,,,,10.0,24.0,,,,,
140,EXHD380-6-1,M_25th,EXHD380-6-1_M_25th,,,,,,,,,,,,,,,,,,,,,,,20.0,6.0,
141,EXHD450-4-1,M_15th,EXHD450-4-1_M_15th,,,,,,,,1362.0,,,,,,,,,,,,,,331.0,,,
142,EXHD450-4-1,M_25th,EXHD450-4-1_M_25th,,,,18.0,11.0,1021.0,284.0,194.0,107.0,210.0,284.0,,24.0,20.0,68.0,,42.0,42.0,155.0,190.0,26.0,909.0,,,
143,EXHD450-4-3,M_15th,EXHD450-4-3_M_15th,,,,,,,,,,,,,,,,,,,44.0,59.0,,,,,
144,EXHD450-4-3,M_25th,EXHD450-4-3_M_25th,,,,,,,,,,,,,,,,,,,30.0,39.0,,,,,
145,EXHD450-6-1,M_15th,EXHD450-6-1_M_15th,,,,,,21.0,13.0,54.0,85.0,,35.0,,,,,,,,,,,,21.0,7.0,
146,EXHD450-6-1,M_25th,EXHD450-6-1_M_25th,,,,,,14.0,9.0,38.0,57.0,,23.0,,,,,,,,,,,,20.0,25.0,
147,EXHD600-6-1,M_15th,EXHD600-6-1_M_15th,15.0,,,,,340.0,160.0,72.0,39.0,143.0,107.0,,,,,,,,4.0,59.0,,57.0,,,
148,EXHD600-6-1,M_25th,EXHD600-6-1_M_25th,10.0,12.0,,,,227.0,120.0,49.0,57.0,142.0,71.0,,,,,,,,39.0,39.0,,39.0,19.0,11.0,
149,EXHD600-6-3,M_15th,EXHD600-6-3_M_15th,,,,,,,,15.0,,,,,,,,,,,24.0,,,,,9.0,
150,EXHD600-6-3,M_25th,EXHD600-6-3_M_25th,,,,,,,,16.0,,,,,,,,,,,39.0,,,,,15.0,
151,EXHD900-8-3,M_15th,EXHD900-8-3_M_15th,,,,,,,,,,,,,,,,,,,,,,,15.0,5.0,
152,EXHD900-8-3,M_25th,EXHD900-8-3_M_25th,,,,,,,,,,,,,,,,,,,,,,,10.0,15.0,
153,FLUXAIR9OPW,M_15th,FLUXAIR9OPW_M_15th,300.0,152.0,16.0,,,,,,,,,,,,,,,,,,,,,,
154,FLUXAIR9OPW,M_25th,FLUXAIR9OPW_M_25th,200.0,156.0,40.0,,40.0,,,,,,,,336.0,,72.0,104.0,,,,,,,,,
155,FLY48EMBER,M_15th,FLY48EMBER_M_15th,,,,,,,,,,,,,,12.0,,,,,,,,,,,
156,FLY48EMBER,M_25th,FLY48EMBER_M_25th,48.0,,,,,,,16.0,28.0,,,,,28.0,,20.0,44.0,,,,,,,,
157,FLY48SWT,M_15th,FLY48SWT_M_15th,,,,,,,,,,,,,,,,44.0,,,,,,,,,
158,FLY48SWT,M_25th,FLY48SWT_M_25th,,,,,,,,,,,,,,,10.0,48.0,,,,6.0,,,,,
159,HLB48BRN,M+1_7th,HLB48BRN_M+1_7th,,,,,,,,,,,,,,,76.0,84.0,,,,,,,,,
160,HLB48OPW,M_15th,HLB48OPW_M_15th,,,,,,,,4.0,,,,,,,,,,,,,,,,,
161,HLB48OPW,M_25th,HLB48OPW_M_25th,,,,,,4.0,,,,,,,,,,,,,,,,,,,
162,HS36BRN,M_15th,HS36BRN_M_15th,364.0,,,,,,,,,,,,128.0,308.0,,,192.0,288.0,,,,,,,
163,HS36BRN,M_25th,HS36BRN_M_25th,,,,,,,,,,,,,20.0,148.0,56.0,,76.0,,,,,,,,
164,HS36IVY,M_25th,HS36IVY_M_25th,,,,,20.0,,,,,,,,,,,16.0,,,,,,,24.0,,
165,HS36OPW,M_25th,HS36OPW_M_25th,100.0,,,,,68.0,,44.0,,,,,,,,,,,,,,12.0,24.0,8.0,
166,HS42OPW,M_15th,HS42OPW_M_15th,48.0,,,,,,,,,,,,,40.0,,,,,80.0,124.0,56.0,16.0,,,
167,HS42OPW,M_25th,HS42OPW_M_25th,32.0,,,,,,,,,,,60.0,,28.0,,,,24.0,176.0,84.0,44.0,12.0,,,
168,HS48BRN,M_15th,HS48BRN_M_15th,,,68.0,204.0,,,,,,36.0,,,600.0,,,,,,,,,,,,
169,HS48DBN,M_15th,HS48DBN_M_15th,,,,,,,4.0,,,,,,,,,,,,,,,,,,
170,HS48IVY,M_15th,HS48IVY_M_15th,,,,,,,,,,,,,424.0,120.0,,,,,,,,,,,
171,HS48IVY,M_25th,HS48IVY_M_25th,,,,,,44.0,,,,,,,,,,,,,,,,,,,
172,HS48OPW,M_15th,HS48OPW_M_15th,,,,,36.0,,,,,,688.0,,,,,,,,140.0,,,,,,
173,HS48OPW,M_25th,HS48OPW_M_25th,,,,16.0,120.0,,,,,4.0,528.0,,,,,,,,600.0,,,,,,
174,HS56BRN,M_15th,HS56BRN_M_15th,60.0,,24.0,,,,,,,,,,,,,,,,,,,,,,
175,HS56BRN,M_25th,HS56BRN_M_25th,200.0,4.0,,,,,36.0,,,,,,,,,,,,,,,12.0,,,
176,HS56OPW,M_15th,HS56OPW_M_15th,,8.0,,,,,,,,,,,,,,92.0,,,,,,,,,
177,HS56OPW,M_25th,HS56OPW_M_25th,200.0,12.0,,,,,,,,,,,,,,4.0,,,,,,,,,
178,HSDCPRM48AGD,M_15th,HSDCPRM48AGD_M_15th,,,,,,,,,,,,280.0,264.0,88.0,,,,,,,,,,,
179,HSDCPRM48GGD,M_15th,HSDCPRM48GGD_M_15th,132.0,,,,,,,,,,,,,,,,,,,,,,,,
180,HSDCPRM48GGD,M_25th,HSDCPRM48GGD_M_25th,120.0,,,,,,,,,,,,,,,,,,,,,,,,
181,HSDCR48BRN,M_15th,HSDCR48BRN_M_15th,,,24.0,,,,,,,,,,,,,,,,,,,,,,
182,HSDCR48BRN,M_25th,HSDCR48BRN_M_25th,,,,24.0,20.0,,,,,,,168.0,100.0,120.0,,68.0,16.0,,,,,,,,
183,HSDCR48IVY,M_15th,HSDCR48IVY_M_15th,,,,,,,,,,,,,196.0,,,,,,,,,,,,
184,HSDCR48IVY,M_25th,HSDCR48IVY_M_25th,,,,,,,,,,,,104.0,184.0,96.0,192.0,,,,,20.0,20.0,,,,
185,HSPLUS48BRN,M_15th,HSPLUS48BRN_M_15th,,,,16.0,,,,,,,,,,,,,,,,,,,,,
186,HSPLUS48BRN,M_25th,HSPLUS48BRN_M_25th,,,,16.0,,40.0,,16.0,44.0,,220.0,,4.0,,,,,,,1076.0,,20.0,,,
187,HSPLUS48OPW,M_15th,HSPLUS48OPW_M_15th,36.0,,,16.0,,140.0,,16.0,,,216.0,,,,,,,,,,,16.0,,,
188,HSPLUS48OPW,M_25th,HSPLUS48OPW_M_25th,160.0,,,12.0,60.0,264.0,,12.0,44.0,,220.0,,184.0,20.0,,60.0,,,,680.0,,12.0,16.0,,
189,JUPITER48BRASS,M_15th,JUPITER48BRASS_M_15th,,,,,,,,,,,,,10.0,,,,,,,,,,,,
190,JUPITER48BRASS,M_25th,JUPITER48BRASS_M_25th,,,,,,,,,12.0,,,,,,,,,,,,,,,,
191,JURA48BBR,M_15th,JURA48BBR_M_15th,,,,,,,,60.0,,,,,,,,,,,,,,,,,
192,JURA48PSWT,M_15th,JURA48PSWT_M_15th,,,,,,,,64.0,,,,,,,,,,,,,,,,,
193,LRN48HGD,M_15th,LRN48HGD_M_15th,60.0,12.0,,,,,,,,,16.0,,,,,36.0,,,20.0,24.0,,,,,
194,LRN48HGD,M_25th,LRN48HGD_M_25th,40.0,8.0,,,,,,,,,12.0,,,,,24.0,,,12.0,16.0,,,,,
195,MOUNTAIR6WHT,M_15th,MOUNTAIR6WHT_M_15th,,,,,,,,,,,,,200.0,,,,,,,,,,,,
196,NEBULA48ANB,M_15th,NEBULA48ANB_M_15th,,,,,,9.0,,44.0,,,20.0,,10.0,,,,,,,,,,,,
197,NEBULA48ANB,M_25th,NEBULA48ANB_M_25th,,,,,,20.0,,29.0,12.0,8.0,,,,,48.0,34.0,12.0,,,,,,,,
198,NEOBRZ48BRN,M_15th,NEOBRZ48BRN_M_15th,,,,,,,2000.0,500.0,1276.0,,,,,,,,,,,,,,,,
199,NEOBRZ48BRN,M_25th,NEOBRZ48BRN_M_25th,,,,,480.0,72.0,976.0,384.0,6296.0,232.0,316.0,,,,,,,,,,,,,,
200,NEOBRZ48IVY,M_15th,NEOBRZ48IVY_M_15th,,,,,36.0,,688.0,,576.0,,344.0,,,,,,,,,,,,,,
201,NEOBRZ48IVY,M_25th,NEOBRZ48IVY_M_25th,,,,,160.0,,192.0,,48.0,,232.0,,,,,,,,,,,,,,
202,NEOBRZ48OPW,M_15th,NEOBRZ48OPW_M_15th,,,,,,,,632.0,,,,,,,,,,,,,,,,,
203,NEOBRZ48OPW,M_25th,NEOBRZ48OPW_M_25th,,,,,120.0,,,424.0,776.0,,,,,,,,,,,,,,,,
204,NEOBRZDEC48BRN,M_15th,NEOBRZDEC48BRN_M_15th,,,,,20.0,,,,84.0,,,,,,,,,,,,,,,,
205,NEOBRZDEC48BRN,M_25th,NEOBRZDEC48BRN_M_25th,,,,,40.0,,,,80.0,,24.0,,,,,,,,,,,,,,
206,NEOBRZDEC48IVY,M_15th,NEOBRZDEC48IVY_M_15th,,,,,12.0,,,,4.0,,,,,,,,,,,,,,,,
207,NEOBRZDEC48IVY,M_25th,NEOBRZDEC48IVY_M_25th,,,,,40.0,,,,44.0,,32.0,,,,,,,,,,,,,,
208,PAVAN48IVY,M_15th,PAVAN48IVY_M_15th,,,,,,,,,,,,,,,,,,,,8.0,,,,,
209,PAVAN48IVY,M_25th,PAVAN48IVY_M_25th,,,,,,,,,,,,,,,,32.0,,,,28.0,,,,,
210,PAVAN48OPW,M_25th,PAVAN48OPW_M_25th,,,,,,,,,,,,,,,,,,,,36.0,,,,,
211,PFSTRM2-18BLK,M_15th,PFSTRM2-18BLK_M_15th,,,,,,,,30.0,,,,,,,,,,,,,,,,,
212,PFWINDFLO16OPW,M+1_7th,PFWINDFLO16OPW_M+1_7th,160.0,,,,,,,,,,,,,,,,,,,,,,,,
213,PFWINDFLO16OPW,M_15th,PFWINDFLO16OPW_M_15th,,1.0,,,,,,,,,,,,,,,,,,,,,,,
214,PVNDEC48IVY,M_15th,PVNDEC48IVY_M_15th,,,,,,,,,,,20.0,,,,,,,,,,,,,,
215,PVNDEC48IVY,M_25th,PVNDEC48IVY_M_25th,,,,,,,,,,,16.0,,,,,,,,,,,,44.0,,
216,PVNDEC48LB,M_15th,PVNDEC48LB_M_15th,,,,,,,,,,,,,,,,,60.0,76.0,,,,,,,
217,PVNDEC48LB,M_25th,PVNDEC48LB_M_25th,,,,,,,,,,,,,,,,,32.0,80.0,,,,,28.0,,
218,RIV36OPW,M_25th,RIV36OPW_M_25th,,,,,80.0,,12.0,,12.0,,,32.0,,,,,,,,64.0,,,,,
219,RIV48BNC,M_15th,RIV48BNC_M_15th,,44.0,,,,,,,,,,,,,,,,,,,,,,,
220,RIV48BNC,M_25th,RIV48BNC_M_25th,,20.0,,,160.0,,,,,,,,,,,,,,,,,,,,
221,RIV48BRN,M_15th,RIV48BRN_M_15th,,,24.0,96.0,,,,,,,,,,,,,,,,,,,,,
222,RIV48BRN,M_25th,RIV48BRN_M_25th,,,8.0,,,,,,,,,,,,,,,,,,,,,,
223,RIV48OPW,M_15th,RIV48OPW_M_15th,,,20.0,36.0,,,,,,,,,,,,,,,,,,,,,
224,RIV48OPW,M_25th,RIV48OPW_M_25th,,40.0,8.0,,,,,,,,,,,,,,,,,,,,,,
225,RIV56OPW,M_15th,RIV56OPW_M_15th,,,,,,,,52.0,,,,,,,,,,,,,,,,,
226,RIVDASHHS4BRN,M_15th,RIVDASHHS4BRN_M_15th,,,,,,,,,,,,,,,,,,,2.0,,,,,,
227,RIVDASHHS4IVY,M_15th,RIVDASHHS4IVY_M_15th,,,,,,,,,,,,,,,,,,,2.0,,,,,,
228,RIVDASHHS6BRN,M_15th,RIVDASHHS6BRN_M_15th,,,,,,,,,,,,,,,,,,,4.0,,,,,,
229,RIVDASHHS6IVY,M_15th,RIVDASHHS6IVY_M_15th,,,,,,,,,,,,,,,,,,,59.0,,,,,,
230,RIVDASHHS6WHT,M_15th,RIVDASHHS6WHT_M_15th,,,,,,,,18.0,,48.0,,,,,126.0,324.0,72.0,294.0,48.0,30.0,,,,,
231,RIVDASHHS6WHT,M_25th,RIVDASHHS6WHT_M_25th,,,,,,,,42.0,,18.0,,,,,6.0,204.0,48.0,198.0,18.0,24.0,,,,,
232,RIVSPRINTHS6WHT,M_15th,RIVSPRINTHS6WHT_M_15th,,,,,,,48.0,48.0,,36.0,18.0,,,,126.0,84.0,,276.0,18.0,30.0,,,,,
233,RIVSPRINTHS6WHT,M_25th,RIVSPRINTHS6WHT_M_25th,,,,,,,36.0,36.0,,12.0,12.0,,,,6.0,42.0,,186.0,18.0,24.0,,,,,
234,S-102001257,M_15th,S-102001257_M_15th,,,,,,2.0,,,,,,,,,,,,,,,,,,,
235,S-90000111,M_15th,S-90000111_M_15th,,,,,,5.0,,,,,,,,,,,,,,,,,,10.0,
236,S-90000248,M_15th,S-90000248_M_15th,,,,,30.0,,,,,,,,,,,,,,,,,,,,
237,S-90000287,M_15th,S-90000287_M_15th,,,,,,,,,10.0,,,,,,,,,75.0,,,,,,,
238,S-90000288,M_15th,S-90000288_M_15th,,,,,,375.0,,,20.0,,,,6.0,,,,,75.0,,,,,,,
239,S-90000299,M_15th,S-90000299_M_15th,30.0,,,,,,,,,,,20.0,,10.0,,,,,,,,,,,
240,S-90000306,M_15th,S-90000306_M_15th,,,,,,,,,,,,,,,,,,75.0,,,,,,,
241,S-90000319,M_15th,S-90000319_M_15th,,,,,,,,,,,,,4.0,,,,,,50.0,,,,,,
242,S-90000321,M_15th,S-90000321_M_15th,,,,,,15.0,,,,50.0,,,,,,,,,,,,,,17.0,
243,S-90000322,M_15th,S-90000322_M_15th,,,,,,,,,,,,,,,,,,,,,,,,10.0,
244,S-90000325,M_15th,S-90000325_M_15th,,,,,,,,,,48.0,,,,,,,,,,,,,,,
245,S-90000327,M_15th,S-90000327_M_15th,,,,,,,,,,48.0,,,,,,,,,,,,,,20.0,
246,S-90000329,M_15th,S-90000329_M_15th,,,,,,,,,,,,,,,,1.0,,,,,,,,,
247,S-90000333,M_15th,S-90000333_M_15th,,,,,,252.0,,,,,,18.0,,,,,,,,,,,,,
248,S-90000336,M_15th,S-90000336_M_15th,,,,,,52.0,,,,,,,,,,,,,,,,,,,
249,S-90000338,M_15th,S-90000338_M_15th,,,,,,200.0,,,,,,,,,,,,,,,,,,,
250,S-90000340,M_15th,S-90000340_M_15th,,,,,,,,,,,,,,,1.0,,,,,,,,,,
251,S-90000342,M_15th,S-90000342_M_15th,,,,,,,,,,24.0,,,,,,,,,,,,,,,
252,S-90000343,M_15th,S-90000343_M_15th,,,,,,7.0,,,,,,,,,,,,,6.0,,,,,,
253,S-90000344,M_15th,S-90000344_M_15th,,,,,,,,,,24.0,,,,,,,,,,,,,,,
254,S-90000361,M_15th,S-90000361_M_15th,,,,,,,,,,,,41.0,6.0,,,,,,,,,,,,
255,S-90000365,M_15th,S-90000365_M_15th,,,,,,,,,,,,,,,,,,,8.0,,,,,,
256,S-90000366,M_15th,S-90000366_M_15th,,,,,,,,,,,,,,,,,,,2.0,,,,,,
257,S-90000376,M_15th,S-90000376_M_15th,,,,,,,,,,108.0,,,,,,,,,,,,,,,
258,S-90000384,M_15th,S-90000384_M_15th,,,,,,,,,,,,,,,6.0,,,,,,,,,,
259,S-90000387,M_15th,S-90000387_M_15th,,,,,,,,,,,,,,,,,,,,,,,,10.0,
260,S-90000391,M_15th,S-90000391_M_15th,,,,,,,,,,,,,,,,,,,78.0,,,,,,
261,S-90000392,M_15th,S-90000392_M_15th,,,,,,,,,,,,,,,,,,,68.0,,,,,,
262,S-90000400,M_15th,S-90000400_M_15th,,,,,,,,,,,,,,,,,,,,,,,,15.0,
263,S-90000402,M_15th,S-90000402_M_15th,,,,,,10.0,,,,,,,,,,,,,,,,,,25.0,
264,S-90000406,M_15th,S-90000406_M_15th,,,,,,,,,,,,,,,2.0,,,,,,,,,,
265,S-90000407,M_15th,S-90000407_M_15th,,,,,,4.0,,,,,,,,,,,,,,,,,,,
266,S-90000408,M_15th,S-90000408_M_15th,,,,,,,,,,,,,,,,,,,26.0,,,,,,
267,S-90000409,M_15th,S-90000409_M_15th,,,,,,1.0,,,,,,,,,,,,,,,,,,,
268,S-90000410,M_15th,S-90000410_M_15th,,,,,,7.0,,,,,,,,,,,,,,,,,,,
269,S-90000456,M_15th,S-90000456_M_15th,,,,,,,,,,,,,4.0,,,,,,,,,,,,
270,S-90000459,M_15th,S-90000459_M_15th,,,,,,,,,,,,,68.0,,,,,,,,,,,,
271,S-90000467,M_15th,S-90000467_M_15th,,,,,,,,,,,,,,,,,,,,,,,,,4.0
272,S-90000494,M_15th,S-90000494_M_15th,,,,,,,,,20.0,,,120.0,,,,,,,,,,,,,
273,S-90000510,M_15th,S-90000510_M_15th,,,,,,,,,,,,,,,,,,,50.0,,,,,,
274,S-90000512,M_15th,S-90000512_M_15th,,,,,,,,,,,,,,,,,,,50.0,,,,,,
275,S-90000514,M_15th,S-90000514_M_15th,,,,,,,,,,,,,64.0,,,,,,,,,,,,
276,S-90000515,M_15th,S-90000515_M_15th,,,,,,,,,,,,,16.0,,10.0,,2.0,,,,,,,,
277,S-90000516,M_15th,S-90000516_M_15th,,,,,,,,,,,,,,,,,8.0,,,,,,,,
278,S-90000521,M_15th,S-90000521_M_15th,,,,,,,,,,,,,4.0,,,,,,,,,,,,
279,S-90000530,M_15th,S-90000530_M_15th,,,,,,,,,,,,,,,30.0,1.0,3.0,,,,,,,,
280,S-90000531,M_15th,S-90000531_M_15th,,,,,,,,,,,,,,,,,12.0,,,,,,,,
281,S-90000579,M_15th,S-90000579_M_15th,,,,,,888.0,828.0,,,,,,,,,,,,,,,,,12.0,
282,S-90000601,M_15th,S-90000601_M_15th,,,,,,,,,,,,,,,,2.0,,,,,,,,,
283,S-90000604,M_15th,S-90000604_M_15th,,,,,,,,,,,,5.0,15.0,,,,20.0,,,,,,,,
284,S-90000611,M_15th,S-90000611_M_15th,,,,,,,,,,,,,,,,,,,,,,,2.0,,
285,S-90000612,M_15th,S-90000612_M_15th,,,,,,,,,,,,,,,,,12.0,,,,,,,,
286,S-90000614,M_15th,S-90000614_M_15th,,,,,,,,,,,,,4.0,,,,,,,,,,,,
287,S-90000615,M_15th,S-90000615_M_15th,,,,,,,,,,,,5.0,15.0,,,,,,,,,,,,
288,S-90000666,M_15th,S-90000666_M_15th,,,,,,,,,,,,,,,,,,,50.0,,,,,,
289,S-90000667,M_15th,S-90000667_M_15th,,,,,,,,,,,,,,,,,,,50.0,,,,,,
290,S-90000672,M_15th,S-90000672_M_15th,,,,,,,,,,,,,,,,,,,172.0,,,,,,
291,S-90000680,M_15th,S-90000680_M_15th,100.0,,,,,,,,,,,,40.0,,,,,,50.0,,,,,,50.0
292,S-90000681,M_15th,S-90000681_M_15th,100.0,,,,,,,,,,,,,,,,,,50.0,,,,,,
293,S-90000682,M_15th,S-90000682_M_15th,,,,,,,3.0,,,,,,,,,,,,550.0,,,,,,
294,S-90000685,M_15th,S-90000685_M_15th,,,,,,,,,,,,10.0,,,,,,,,,,,,,
295,S-90000687,M_15th,S-90000687_M_15th,,,,,,15.0,,,,,,,,,,,,,30.0,,,,,,
296,S-90000688,M_15th,S-90000688_M_15th,,,,,,,,,,,,,,,,,,,50.0,,,,,,50.0
297,S-90000689,M_15th,S-90000689_M_15th,,,,,2.0,150.0,,,,,,,,,,,,,,,,,,,
298,S-90000691,M_15th,S-90000691_M_15th,,,,,,,,,,,,,,,,,,,50.0,,,,,,
299,S-90000693,M_15th,S-90000693_M_15th,,,,,,,,,,,,,,,,,,,70.0,,,,,,
300,S-90000694,M_15th,S-90000694_M_15th,,,,,70.0,,,,,,,,,,,,,,100.0,,,,,,
301,S-90000696,M_15th,S-90000696_M_15th,,,,,,20.0,,,,,,,,,,,,,60.0,,,,,,
302,S-90000697,M_15th,S-90000697_M_15th,,,,,,30.0,,,,,,,,,,,,,,,,,,,
303,S-90000698,M_15th,S-90000698_M_15th,,,,,,50.0,,,,,,,,,,,,,70.0,,,,,,
304,S-90000700,M_15th,S-90000700_M_15th,,,,,,,,,,,,,,,,,,,100.0,,,,,,
305,S-90000708,M_15th,S-90000708_M_15th,,,,,,,3.0,,,,,,,,,,,,,,,,,,
306,S-90000710,M_15th,S-90000710_M_15th,,,,,,30.0,3.0,,,,,,38.0,,,,,,150.0,,,,,,
307,S-90000711,M_15th,S-90000711_M_15th,,,,50.0,,,,,,,,,,,,,,,,,,,,,
308,S-90000714,M_15th,S-90000714_M_15th,,,,,5.0,,6.0,,,,,,40.0,,,,,,130.0,,,,,,
309,S-90000757,M_15th,S-90000757_M_15th,20.0,,,30.0,10.0,,,,,,,,,,,,,,,,,,,,
310,S-90000763,M_15th,S-90000763_M_15th,,,,,,,,,,,,,10.0,,,,,,,,,,,,
311,S-90000765,M_15th,S-90000765_M_15th,,,,,,3.0,,,,,,,4.0,,,,,,4.0,,,,,,
312,S-90000766,M_15th,S-90000766_M_15th,,,,,,10.0,,,,,,,4.0,,,,,,,,,,,,
313,S-90000767,M_15th,S-90000767_M_15th,,,,,,14.0,,,,,,18.0,,,,,,,,,,,,,
314,S-90000769,M_15th,S-90000769_M_15th,,,,,,,,,,,,,,,,,,,2.0,,,,,2.0,
315,S-90000772,M_15th,S-90000772_M_15th,,,,,,5.0,,,,,,,,,,,,,,,,,,,
316,S-90000782,M_15th,S-90000782_M_15th,,,,,,,,,,6.0,,,,,,,,,,,,,,,
317,S-90000787,M_15th,S-90000787_M_15th,,,,,,,,,,,,,,,,,,,2.0,,,,,,
318,S-90000794,M_15th,S-90000794_M_15th,,,,,,46.0,3.0,,20.0,,,,,,,,,,6.0,,,,,,
319,S-90000795,M_15th,S-90000795_M_15th,,,,,,,,,,6.0,,,,,,,,,,,,,,,
320,S-90000800,M_15th,S-90000800_M_15th,,,,,,,50.0,,,6.0,,,,,,,,,4.0,,,,,,
321,S-90000807,M_15th,S-90000807_M_15th,,,,,,50.0,,,30.0,20.0,,,,,,,,,36.0,,,,,,
322,S-90000809,M_15th,S-90000809_M_15th,,,,,,,,,,,,,,,,,,,2.0,,,,,,
323,S-90000814,M_15th,S-90000814_M_15th,,,,,,,,,,24.0,,,2.0,,,,2.0,,50.0,,,,,,
324,S-90000815,M_15th,S-90000815_M_15th,,,,,,,,,20.0,,,,,,,,,,,,,,,,
325,S-90000817,M_15th,S-90000817_M_15th,,,,,,,,,,,,,,,,,,,,,,,2.0,,
326,S-90000821,M_15th,S-90000821_M_15th,,,,,,,,,,24.0,,,,,,,,,4.0,,,,,,
327,S-90000827,M_15th,S-90000827_M_15th,,,,,,,,,,,,,,,4.0,,,,,,,,,,
328,S-90000831,M_15th,S-90000831_M_15th,,,,,,,,,10.0,,,,,,,,,,,,,,,,
329,S-90000834,M_15th,S-90000834_M_15th,,,,,,,,,,,,,,,4.0,,,,,,,,,,
330,S-90000835,M_15th,S-90000835_M_15th,,,,,,,,,,,,,,,,,,,,,,,,,1.0
331,S-90000984,M_15th,S-90000984_M_15th,,,,,,,,,,,,5.0,,,,,,,,,,,,,
332,S-90000987,M_15th,S-90000987_M_15th,,,,,1.0,,,,,,,26.0,,,,8.0,,,,,,,,,
333,S-90000991,M_15th,S-90000991_M_15th,,,,,,10.0,,,,,,,,,,,,,,,,,,,
334,S-90000992,M_15th,S-90000992_M_15th,,,,,,10.0,,,,,,,,,,,,,,,,,,,
335,S-90000993,M_15th,S-90000993_M_15th,,,,,,10.0,,,,,,,,,,,,,,,,,,,
336,S-90000996,M_15th,S-90000996_M_15th,,,,,,,,,,,,,,,1.0,,,,,,,,,,
337,S-90001030,M_15th,S-90001030_M_15th,,,,,,,,,,,,,,,,,1.0,,,,,,,,
338,S-90001033,M_15th,S-90001033_M_15th,,,,,,4.0,,,,,,,,,,,,,,,,,,,
339,S-90001034,M_15th,S-90001034_M_15th,,,,,,4.0,,,,,,,,,,,,,,,,,,,
340,S-90001035,M_15th,S-90001035_M_15th,,,,,,4.0,,,,,,,,,,,,,,,,,,,
341,S-90001246,M_15th,S-90001246_M_15th,,,,,,,,,,,,,,,,,,,,,,,,15.0,
342,S-90001257,M_15th,S-90001257_M_15th,,,,,,6.0,,,,,,,,,,,,,,,,,,,
343,S-90001264,M_15th,S-90001264_M_15th,,,,,,3.0,,,,,,,,,,,,,,,,,,,
344,S-90001265,M_15th,S-90001265_M_15th,,,,,,12.0,,,,,,,,,,,,,,,,,,,
345,S-90001266,M_15th,S-90001266_M_15th,,,,,,100.0,,,,,,,,,,,,,,,,,,,
346,S-90001268,M_15th,S-90001268_M_15th,,,,,,300.0,,,,,,,,,,,,,,,,,,,
347,S-90001269,M_15th,S-90001269_M_15th,,,,,2.0,250.0,,,,,,,,,,,,,,,,,,20.0,2.0
348,S-90001273,M_15th,S-90001273_M_15th,,,,,,100.0,,,,,,,,,,,,,,,,,,,
349,S-90001274,M_15th,S-90001274_M_15th,,,,,,100.0,,,,,,,,,,,,,,,,,,,
350,S-90001275,M_15th,S-90001275_M_15th,,,,,,100.0,,,,,,,,,,,,,,,,,,,
351,S-90001293,M_15th,S-90001293_M_15th,,,,,,,4.0,,,,,,,,,,,,,,,,,,
352,S-90001336,M_15th,S-90001336_M_15th,,,,,,,,,,12.0,,,,,,,,,,,,,,,
353,S-90001352,M_15th,S-90001352_M_15th,,,,,,,,,,,,,,,,,,,20.0,,,,,,
354,S-90001353,M_15th,S-90001353_M_15th,,,,,,,,,,24.0,,,,,,,,,,,,,,,
355,S-90001354,M_15th,S-90001354_M_15th,,,,,,,,,,24.0,,,,,,,,,,,,,,,
356,S-90001377,M_15th,S-90001377_M_15th,,,,,4.0,,,,,,,,,,,,,,,,,,,,
357,S-90001532,M_15th,S-90001532_M_15th,,,,,,,,,,,,,,,,,,,20.0,,,,,,
358,S-90001533,M_15th,S-90001533_M_15th,,,,,,,,,,,,,,,,,,,40.0,,,,,,
359,S-90001593,M_15th,S-90001593_M_15th,,,,,,,,,,,,,,,,,,,2.0,,,,,,
360,S-90001594,M_15th,S-90001594_M_15th,,,,,46.0,,,,,24.0,,,,,,,,,,,,,,,
361,S-90001595,M_15th,S-90001595_M_15th,,,,,,,,,,24.0,,,,,,,,,32.0,,,,,,
362,S-90001599,M_15th,S-90001599_M_15th,,,,,,,,,,,,,4.0,,,,,,,,,,,,
363,S-90001602,M_15th,S-90001602_M_15th,,,20.0,,,,,,60.0,,,,20.0,,,,,,,,,,,,
364,S-90001604,M_15th,S-90001604_M_15th,,,,,,,,,,,,,,,6.0,,,,,,,,,,
365,S-90001611,M_15th,S-90001611_M_15th,,,,,,,,,,,,,,,6.0,,1.0,,,,,,,,
366,S-90001612,M_15th,S-90001612_M_15th,,,,,,,,,,,,12.0,,,,,4.0,,,,,,,,
367,S-90001620,M_15th,S-90001620_M_15th,,,,,,,,,,6.0,,,,,,12.0,,,,,,,,,
368,S-90001621,M_15th,S-90001621_M_15th,,,,,,,,,,6.0,,,,,,,,,,,,,,,
369,S-90001622,M_15th,S-90001622_M_15th,,,,,,,,,,6.0,,,,,,,,,32.0,,,,,,
370,S-90001773,M_15th,S-90001773_M_15th,,,,,,5.0,,,,,,,,,,,,6.0,,,,,1.0,,
371,S-90001774,M_15th,S-90001774_M_15th,,,,,,4.0,,,,,,,,,,,1.0,,,,,,,,
372,S-90001777,M_15th,S-90001777_M_15th,15.0,,,,,33.0,20.0,,,,,,4.0,,,,,,,,,,,,
373,S-90001779,M_15th,S-90001779_M_15th,5.0,,,,,,,,,,,,,,,,,,,,,,,,
374,S-90001814,M_15th,S-90001814_M_15th,,,,,,,,,,,,,,,,,,,,,,,,,20.0
375,S-90001836,M_15th,S-90001836_M_15th,,,,,270.0,,,,,,,,,,,,,,,,,,,,
376,S-90001839,M_15th,S-90001839_M_15th,,,,,,,,,,,,,,,,,,,,,,,,20.0,
377,S-90001850,M_15th,S-90001850_M_15th,,,,,,,,,,,12.0,,,,,,,,,,,,,,
378,S-90001872,M_15th,S-90001872_M_15th,,,,,,20.0,,,,,,,,,,,,,,,,,,,
379,S-90001873,M_15th,S-90001873_M_15th,,,,,,20.0,,,,,,,,,,,,,,,,,,,
380,S-90001874,M_15th,S-90001874_M_15th,,,,,,20.0,,,,,,,,,,,,,,,,,,,
381,S-90001964,M_15th,S-90001964_M_15th,,,,,,,,,,48.0,,,,,,,,,,,,,,,
382,S-90001965,M_15th,S-90001965_M_15th,,,,,,,,,,48.0,,,,,,,,,,,,,,,
383,S-90001976,M_15th,S-90001976_M_15th,,,,,,,,,,48.0,,,,,,,,,,,,,,,
384,S-90002022,M_15th,S-90002022_M_15th,,,,,,,,,,,,,20.0,,,,,,,,,,,,20.0
385,S-90002025,M_15th,S-90002025_M_15th,,,,,,100.0,,,,,,,,,,,,,,,,,,,
386,S-90002032,M_15th,S-90002032_M_15th,,,,,,,,,,,,,,,5.0,,,,,,,,,,
387,S-90002041,M_15th,S-90002041_M_15th,,,,,,70.0,25.0,,,,,,,,,,,,,,,,10.0,,
388,S-90002046,M_15th,S-90002046_M_15th,,,,,,,,,,,,,,,,,,,,,,,,,20.0
389,S-90002048,M_15th,S-90002048_M_15th,,,,,,100.0,,,,,,,,,,,,,,,,,,15.0,
390,S-90002065,M_15th,S-90002065_M_15th,,,,,,,20.0,,,,,,,,,,,,,,,,,,
391,S-90002107,M_15th,S-90002107_M_15th,,,,,,,,,20.0,,,,,,,,,,,,,,,,
392,S-90002110,M_15th,S-90002110_M_15th,,,,,,,,,20.0,,,,,,,,,,,,,,,,20.0
393,S-90002178,M_15th,S-90002178_M_15th,,,,,,6.0,,,,,,,12.0,,,,,,,,,,,,
394,S-90002347,M_15th,S-90002347_M_15th,,,,,,,,,150.0,,,,,,,,,,,,,,,,
395,S-90002431,M_15th,S-90002431_M_15th,,,,,,,,,,,,12.0,,,10.0,,,,,,,,,,
396,S-90002432,M_15th,S-90002432_M_15th,,,,,,,,,,,,,,,10.0,,,,,,,,,,
397,S-90002433,M_15th,S-90002433_M_15th,,,,,,48.0,,,,,,,,,,,,,,,,,,,
398,S-90002456,M_15th,S-90002456_M_15th,,,,,,,15.0,,,6.0,,,,,,,,,,,,,,,
399,S-90002460,M_15th,S-90002460_M_15th,4.0,,,,,,,,,,,,,,,,,,,,,,,,
400,S-90002461,M_15th,S-90002461_M_15th,2.0,,,,,,,,,,,,,,,,,,,,,,,,
401,S-90002466,M_15th,S-90002466_M_15th,,,,,,,8.0,,,6.0,,,,,,,,,,,,,,,
402,S-90002467,M_15th,S-90002467_M_15th,,,,,,,4.0,,,,,,,,,,,,,,,,,,
403,S-90002501,M_15th,S-90002501_M_15th,,,,,,,,,216.0,100.0,,,,,,,,,,,,,,,
404,S-90002507,M_15th,S-90002507_M_15th,,,,,,,,,,48.0,,,,,,,,,,,,,,,
405,S-90002508,M_15th,S-90002508_M_15th,,,,,,,,,,48.0,,,,,,,,,,,,,,,
406,S-90002521,M_15th,S-90002521_M_15th,,,,,,,,,,,,,,,,,,4.0,,,,,,,
407,S-90002522,M_15th,S-90002522_M_15th,,,,,,,,,,,,,,,,,,1.0,,,,,,,
408,S-90002523,M_15th,S-90002523_M_15th,,,,,,,,,,,,,,,,,,1.0,,,,,,,
409,S-90002572,M_15th,S-90002572_M_15th,,,,,,,,,,,,,,,,10.0,,,,,,,,,
410,S-90002573,M_15th,S-90002573_M_15th,,,,,,,,,,,,,10.0,,,,,,,,,,,,
411,S-90002574,M_15th,S-90002574_M_15th,,,,,,,,,,,,,10.0,,,,,,,,,,,,
412,S-90002578,M_15th,S-90002578_M_15th,,,,,,,6.0,,,,,,6.0,,,,,,,,,,,,
413,S-90002579,M_15th,S-90002579_M_15th,,,,,10.0,,,,,,,,,,,,,,,,,,,,
414,S-90002587,M_15th,S-90002587_M_15th,,,,,,,,,,,,,7.0,,,,,,,,,,,,
415,S-90002588,M_15th,S-90002588_M_15th,,,,,,,,,,,,,1.0,,,,,,,,,,,,
416,S-90002589,M_15th,S-90002589_M_15th,,,,,,,,,,,,,,,,,,32.0,,,,,,,
417,S-90002591,M_15th,S-90002591_M_15th,,,,,,,,,,,,,32.0,,,,,,3.0,,,,,,
418,S-90002592,M_15th,S-90002592_M_15th,,,,,20.0,,,,,,,,20.0,,,,,,,,,,,,
419,S-90002593,M_15th,S-90002593_M_15th,,,,,20.0,20.0,,,,,,,20.0,,,,,,,,,,,,
420,S-90002597,M_15th,S-90002597_M_15th,,,,,16.0,,2.0,,,,,,,,,,2.0,,,,,,,,
421,S-90002598,M_15th,S-90002598_M_15th,,,,,8.0,,7.0,,,,,,,,,,,,,,,,,,
422,S-90002599,M_15th,S-90002599_M_15th,,,,,8.0,,,,,,,,4.0,,,,,,,,,,,,
423,S-90002602,M_15th,S-90002602_M_15th,,,,,,,,,,,,,5.0,,,,,,,,,,,,
424,S-90002610,M_15th,S-90002610_M_15th,,,,,,,,,,,,,,,,,,,30.0,,,,,,
425,S-KDARY48BRN,M_15th,S-KDARY48BRN_M_15th,,,,,,2.0,,,,,,,1.0,,,,,,,,,,,,
426,S-KDAST48BRN,M_15th,S-KDAST48BRN_M_15th,,,,,,,,,,,,5.0,,,,,,,,,,,,15.0,
427,S-PB12PLDGTCRML,M_15th,S-PB12PLDGTCRML_M_15th,,,,,,,,,,,,2.0,,,,,,,,,,,,,
428,S-PB12PLDGTRSBY,M_15th,S-PB12PLDGTRSBY_M_15th,,,,,,,,,,,,2.0,,,,,,,,,,,,,
429,S-PB12PLDGTSONX,M_15th,S-PB12PLDGTSONX_M_15th,,,,,,,,,,,,2.0,,,,,,,,,,,,,
430,S-PT12PLDGTCRML,M_15th,S-PT12PLDGTCRML_M_15th,,,,,,,,,,,,2.0,,,,,,,,,,,,,
431,S-PT12PLDGTRSBY,M_15th,S-PT12PLDGTRSBY_M_15th,,,,,,,,,,,,2.0,,,,,,,,,,,,,
432,S-PT12PLDGTSONX,M_15th,S-PT12PLDGTSONX_M_15th,,,,,,,,,,,,2.0,,,,,,,,,,,,,
433,SB48IVY,M_15th,SB48IVY_M_15th,,,,,,,,,,,,,,,,,,,,,,420.0,,,
434,SB48IVY,M_25th,SB48IVY_M_25th,,,,,,,,,,,,,,,804.0,,240.0,,,,,728.0,,,
435,SEAWIND48IVY,M+1_7th,SEAWIND48IVY_M+1_7th,,,,,,,,,,,,,,,,508.0,7.0,1368.0,172.0,,,,,,
436,SEAWIND48LB,M+1_7th,SEAWIND48LB_M+1_7th,,,,,,,,,,,,112.0,,40.0,,,,1804.0,412.0,,,,,,
437,SEAWIND48OPW,M+1_7th,SEAWIND48OPW_M+1_7th,,,,,,,,,,,,,,96.0,132.0,,3.0,,,,,332.0,,,
438,SEN48OPW,M_15th,SEN48OPW_M_15th,,,,,,,20.0,,,,,,,,,,,,,,,,,,
439,SMART48IVY,M_15th,SMART48IVY_M_15th,,,,,,,,,,,,,,,,76.0,,,,,,,16.0,,
440,SMART48IVY,M_25th,SMART48IVY_M_25th,,,,,,,,,,,,,,,,52.0,,,,,,,12.0,,
441,SMART48LB,M_15th,SMART48LB_M_15th,180.0,,,,,,,,,,,,,,,,,36.0,,,,,16.0,,
442,SMART48LB,M_25th,SMART48LB_M_25th,120.0,,,,,,,,,,,,,,,,,164.0,,,,,12.0,,
443,SMART48MB,M_15th,SMART48MB_M_15th,,,,,,72.0,,,,,,,,,,,,,,,,,,,
444,SMART48MB,M_25th,SMART48MB_M_25th,80.0,,,,,52.0,,,,,,,,,,,,,,,,,,,
445,SMART48OPW,M_25th,SMART48OPW_M_25th,28.0,,,,,,,,,,,,,,,,,,,,,,,,
446,SPLITZ48MIV,M_25th,SPLITZ48MIV_M_25th,,,,,,,,,,,,,,,,,,,180.0,,,,,,
447,SPLITZ48SWT,M_25th,SPLITZ48SWT_M_25th,,,,,,,,,,,,,,,,,,,,,,176.0,,,
448,STAR22048WHT,M_15th,STAR22048WHT_M_15th,,,,,212.0,,,96.0,,,,,,,,72.0,,,,,,812.0,,,
449,STAR22048WHT,M_25th,STAR22048WHT_M_25th,,,,,200.0,,,64.0,,,788.0,,,,,76.0,,,,,,100.0,,,
450,SUPERBRIZDEC48BKWT,M+1_7th,SUPERBRIZDEC48BKWT_M+1_7th,,52.0,52.0,,232.0,,,,,,,,,,,,,348.0,,,,,,,
451,SUPERBRIZDEC48BKWT,M_15th,SUPERBRIZDEC48BKWT_M_15th,,,,,,,,424.0,,,,,,,,,,,,,,,,,
452,SUPERBRIZDEC48BKWT,M_25th,SUPERBRIZDEC48BKWT_M_25th,,4.0,,,,,,,,,,,,,,,,,,,,,,,
453,SUPERBRIZDEC48SLWT,M+1_7th,SUPERBRIZDEC48SLWT_M+1_7th,,32.0,32.0,40.0,,,,,164.0,,,,12.0,,240.0,,,120.0,384.0,100.0,,,,,
454,SUPERBRIZDEC48SLWT,M_15th,SUPERBRIZDEC48SLWT_M_15th,,,,,,,,568.0,,,,,,,,,,,,,,,,,
455,SUPERBRIZDEC48SLWT,M_25th,SUPERBRIZDEC48SLWT_M_25th,,,,,,,148.0,,,,,,8.0,,,,,,,,,,,,
456,SUPERBRIZDEC48SMBR,M+1_7th,SUPERBRIZDEC48SMBR_M+1_7th,,24.0,24.0,,,,,,,,,,,,1184.0,,,384.0,,,,,,,
457,SUPERBRIZDEC48SMBR,M_15th,SUPERBRIZDEC48SMBR_M_15th,,,,,,,,1600.0,,,,,,,,,,,,,,,,,
458,SUPERBRIZDEC48SMBR,M_25th,SUPERBRIZDEC48SMBR_M_25th,,16.0,,,,,,,,,,,,,,,,,,,,,,,
459,TA12AG-GRD,M+1_7th,TA12AG-GRD_M+1_7th,,,,,,,14.0,,,,,,,,,,,,,,,,,,
460,TA6AG,M_15th,TA6AG_M_15th,,16.0,,,,,,,24.0,,,,,,,,24.0,24.0,36.0,,,,,,
461,TA6AG,M_25th,TA6AG_M_25th,,8.0,,,,,16.0,,16.0,,,,,,,,16.0,16.0,,,,,,,
462,TFWIND16AG-2U-DBL,M_15th,TFWIND16AG-2U-DBL_M_15th,,,,,,,,,,120.0,,,,,,,,,,,,,,,
463,TRIT48ABR,M_15th,TRIT48ABR_M_15th,60.0,,,,,104.0,20.0,40.0,6.0,,144.0,,10.0,,,,,,,32.0,,30.0,,,
464,TRIT48ABR,M_25th,TRIT48ABR_M_25th,40.0,,,,8.0,74.0,44.0,68.0,26.0,,62.0,8.0,,,,20.0,20.0,22.0,,22.0,18.0,20.0,,,
465,TRIT48ACR,M_15th,TRIT48ACR_M_15th,60.0,,,,4.0,,36.0,78.0,18.0,,94.0,12.0,,,32.0,34.0,26.0,32.0,,32.0,,28.0,,,
466,TRIT48ACR,M_25th,TRIT48ACR_M_25th,40.0,,,,8.0,,44.0,64.0,26.0,,62.0,8.0,,,60.0,22.0,24.0,22.0,,22.0,,20.0,,,
467,TRIT48BST,M_15th,TRIT48BST_M_15th,24.0,,,,12.0,,24.0,94.0,,,236.0,,20.0,,,,,,,6.0,,32.0,,,
468,TRIT48BST,M_25th,TRIT48BST_M_25th,16.0,,,,8.0,,38.0,64.0,26.0,,62.0,8.0,,,32.0,20.0,,16.0,,22.0,18.0,22.0,,,
469,ULT48BRN,M_25th,ULT48BRN_M_25th,,,,,,,,,,,,,,,,,,96.0,,,,,,,
470,ULT48IVY,M_25th,ULT48IVY_M_25th,,,,,,,,,,,,,,,,,68.0,80.0,,,,,16.0,,
471,ULT48OPW,M_25th,ULT48OPW_M_25th,,,,,,,,,,,,,,,,,16.0,,,,,,,,
472,URANUS48BLK,M_15th,URANUS48BLK_M_15th,24.0,,,,6.0,,,56.0,13.0,,57.0,,,,,,,,,,,,,,
473,URANUS48BLK,M_25th,URANUS48BLK_M_25th,8.0,,,,4.0,24.0,6.0,24.0,12.0,16.0,17.0,8.0,,,,15.0,,20.0,8.0,,,,,,
474,URANUS48IVY,M_15th,URANUS48IVY_M_15th,,,,,,,49.0,91.0,16.0,68.0,37.0,,10.0,,,,,,,8.0,,,,,
475,URANUS48IVY,M_25th,URANUS48IVY_M_25th,,,,,4.0,44.0,6.0,34.0,16.0,40.0,34.0,8.0,,,111.0,40.0,16.0,20.0,5.0,3.0,,,,,
476,VENTILUS10WHT,M_15th,VENTILUS10WHT_M_15th,,,,,16.0,356.0,128.0,124.0,124.0,24.0,124.0,,,,,,,,,36.0,,,,32.0,
477,VENTILUS10WHT,M_25th,VENTILUS10WHT_M_25th,,,,,16.0,240.0,88.0,84.0,84.0,16.0,84.0,,,,,,,,,84.0,,,,36.0,
478,VENTILUS6IVY,M_15th,VENTILUS6IVY_M_15th,,,,,,,,,,104.0,,,,,32.0,,,,,,,,,,
479,VENTILUS6IVY,M_25th,VENTILUS6IVY_M_25th,,,,,16.0,,,,,72.0,,,,,56.0,,,,,,,,,,
480,VENTILUS6WHT,M_15th,VENTILUS6WHT_M_15th,,,,,,,24.0,,,,,,,,,,,,,,,,,,
481,VENTILUS6WHT,M_25th,VENTILUS6WHT_M_25th,56.0,,,,16.0,,,,24.0,,104.0,,,,640.0,,,,,,,,,,
482,VENTILUS8IVY,M_15th,VENTILUS8IVY_M_15th,,,,,24.0,,,,,,,,,,88.0,,,,,,,,,,
483,VENTILUS8IVY,M_25th,VENTILUS8IVY_M_25th,,,,,16.0,,,,,,,,,,80.0,,,,,,,,,,
484,VENTILUS8WHT,M_15th,VENTILUS8WHT_M_15th,,,,,24.0,128.0,80.0,,,,,,,,,,,,,,,,,,
485,VENTILUS8WHT,M_25th,VENTILUS8WHT_M_25th,40.0,,,,16.0,,56.0,88.0,104.0,16.0,120.0,,,,,,,,,168.0,,24.0,24.0,,
486,WINDSTARFARRATA20,M_15th,WINDSTARFARRATA20_M_15th,122.0,249.0,,86.0,372.0,,,,,,,,,,,,,,,,,,,,
487,WINDSTARFARRATA20,M_25th,WINDSTARFARRATA20_M_25th,1860.0,40.0,,120.0,716.0,,,,,,,,,,,,,,,,,,,,
488,WMFIZZAIR12OPW,M_15th,WMFIZZAIR12OPW_M_15th,33.0,,,,90.0,63.0,,60.0,,60.0,126.0,,,,,,,255.0,,,,,,,
489,WMFIZZAIR12OPW,M_25th,WMFIZZAIR12OPW_M_25th,42.0,,,,60.0,42.0,,42.0,,42.0,84.0,,,,,,,171.0,,,,,,,
490,WMFIZZAIRHS16OPW,M_15th,WMFIZZAIRHS16OPW_M_15th,60.0,,,,72.0,60.0,,60.0,,60.0,27.0,,,,,,,,,,,,,,
491,WMFIZZAIRHS16OPW,M_25th,WMFIZZAIRHS16OPW_M_25th,42.0,,,,60.0,42.0,,42.0,,42.0,72.0,,,,,,,,,,,,,,
492,WMWINDFLO16OPW,M+1_7th,WMWINDFLO16OPW_M+1_7th,,33.0,,171.0,,,,,,,,,,,,,,,,,,,,,
493,WWHE48LB,M_25th,WWHE48LB_M_25th,,,,,,,,64.0,,36.0,,,,,,,,,,,,,,,
494,WWHE48OPW,M_25th,WWHE48OPW_M_25th,,,,,,,,,4.0,,,,,,,,,,,,,,,,
495,WWHE56OPW,M_25th,WWHE56OPW_M_25th,,,28.0,,,32.0,,64.0,64.0,,,,,,,,,,,,,,,,
496,WWPS48LB,M_25th,WWPS48LB_M_25th,,,,,,,,,400.0,,,,,,,,,,,,,,,,
